
> adna-docs@0.1.0 test:gates
> playwright test --project=chromium

(node:5453) [DEP0205] DeprecationWarning: `module.register()` is deprecated. Use `module.registerHooks()` instead.
(Use `node --trace-deprecation ...` to show where the warning was created)
[2m[WebServer] [22m(node:5565) Warning: The 'NO_COLOR' env is ignored due to the 'FORCE_COLOR' env being set.
[2m[WebServer] [22m(Use `node --trace-warnings ...` to show where the warning was created)
[2m[WebServer] [22m(node:5565) [DEP0205] DeprecationWarning: `module.register()` is deprecated. Use `module.registerHooks()` instead.

Running 697 tests using 8 workers

(node:5849) Warning: The 'NO_COLOR' env is ignored due to the 'FORCE_COLOR' env being set.
(Use `node --trace-warnings ...` to show where the warning was created)
(node:5848) Warning: The 'NO_COLOR' env is ignored due to the 'FORCE_COLOR' env being set.
(Use `node --trace-warnings ...` to show where the warning was created)
(node:5854) Warning: The 'NO_COLOR' env is ignored due to the 'FORCE_COLOR' env being set.
(Use `node --trace-warnings ...` to show where the warning was created)
(node:5853) Warning: The 'NO_COLOR' env is ignored due to the 'FORCE_COLOR' env being set.
(Use `node --trace-warnings ...` to show where the warning was created)
(node:5852) Warning: The 'NO_COLOR' env is ignored due to the 'FORCE_COLOR' env being set.
(Use `node --trace-warnings ...` to show where the warning was created)
(node:5855) Warning: The 'NO_COLOR' env is ignored due to the 'FORCE_COLOR' env being set.
(Use `node --trace-warnings ...` to show where the warning was created)
(node:5850) Warning: The 'NO_COLOR' env is ignored due to the 'FORCE_COLOR' env being set.
(Use `node --trace-warnings ...` to show where the warning was created)
(node:5851) Warning: The 'NO_COLOR' env is ignored due to the 'FORCE_COLOR' env being set.
(Use `node --trace-warnings ...` to show where the warning was created)
(node:5849) [DEP0205] DeprecationWarning: `module.register()` is deprecated. Use `module.registerHooks()` instead.
(node:5849) Warning: The 'NO_COLOR' env is ignored due to the 'FORCE_COLOR' env being set.
(Use `node --trace-warnings ...` to show where the warning was created)
(node:5854) [DEP0205] DeprecationWarning: `module.register()` is deprecated. Use `module.registerHooks()` instead.
(node:5854) Warning: The 'NO_COLOR' env is ignored due to the 'FORCE_COLOR' env being set.
(Use `node --trace-warnings ...` to show where the warning was created)
(node:5848) [DEP0205] DeprecationWarning: `module.register()` is deprecated. Use `module.registerHooks()` instead.
(node:5848) Warning: The 'NO_COLOR' env is ignored due to the 'FORCE_COLOR' env being set.
(Use `node --trace-warnings ...` to show where the warning was created)
(node:5855) [DEP0205] DeprecationWarning: `module.register()` is deprecated. Use `module.registerHooks()` instead.
(node:5851) [DEP0205] DeprecationWarning: `module.register()` is deprecated. Use `module.registerHooks()` instead.
(node:5851) Warning: The 'NO_COLOR' env is ignored due to the 'FORCE_COLOR' env being set.
(Use `node --trace-warnings ...` to show where the warning was created)
(node:5855) Warning: The 'NO_COLOR' env is ignored due to the 'FORCE_COLOR' env being set.
(Use `node --trace-warnings ...` to show where the warning was created)
(node:5853) [DEP0205] DeprecationWarning: `module.register()` is deprecated. Use `module.registerHooks()` instead.
(node:5853) Warning: The 'NO_COLOR' env is ignored due to the 'FORCE_COLOR' env being set.
(Use `node --trace-warnings ...` to show where the warning was created)
(node:5852) [DEP0205] DeprecationWarning: `module.register()` is deprecated. Use `module.registerHooks()` instead.
(node:5852) Warning: The 'NO_COLOR' env is ignored due to the 'FORCE_COLOR' env being set.
(Use `node --trace-warnings ...` to show where the warning was created)
(node:5850) [DEP0205] DeprecationWarning: `module.register()` is deprecated. Use `module.registerHooks()` instead.
(node:5850) Warning: The 'NO_COLOR' env is ignored due to the 'FORCE_COLOR' env being set.
(Use `node --trace-warnings ...` to show where the warning was created)
  ✓    2 [chromium] › tests/gates/gate-14-single-source.spec.ts:91:1 › G5 single-source: no drifted repo/publisher literals in built output (36ms)
  ✓    7 [chromium] › tests/gates/gate-14-single-source.spec.ts:110:1 › G5 single-source: canonical publisher "aDNA Network" present in output (11ms)
  ✓    9 [chromium] › tests/gates/gate-17-agentic.spec.ts:50:5 › G10 — llms.txt agentic index › G10: /llms.txt served as text/plain (50ms)
  ✓   11 [chromium] › tests/gates/gate-17-agentic.spec.ts:50:5 › G10 — llms.txt agentic index › G10: /llms-full.txt served as text/plain (159ms)
  ✓    4 [chromium] › tests/gates/gate-15-credibility.spec.ts:63:3 › G4 JSON-LD: / parses and any publisher is canonical (167ms)
  ✓    5 [chromium] › tests/gates/gate-16-public-meta.spec.ts:39:3 › G7 public-meta: / carries no internal codenames (197ms)
  ✓   13 [chromium] › tests/gates/gate-15-credibility.spec.ts:63:3 › G4 JSON-LD: /learn/what-is-adna parses and any publisher is canonical (129ms)
  ✓   14 [chromium] › tests/gates/gate-16-public-meta.spec.ts:39:3 › G7 public-meta: /learn/what-is-adna carries no internal codenames (120ms)
  ✓   12 [chromium] › tests/gates/gate-17-agentic.spec.ts:90:3 › G11 — no-JS reachability › G11: /vaults/graph flagship topology is reachable without JS (94ms)
  ✓   17 [chromium] › tests/gates/gate-17-agentic.spec.ts:100:3 › G12 — markdown twins resolve › G12: the manifest is non-trivial and covers the machine-eye probe set (1ms)
  ✓   15 [chromium] › tests/gates/gate-15-credibility.spec.ts:63:3 › G4 JSON-LD: /network parses and any publisher is canonical (92ms)
  ✓   16 [chromium] › tests/gates/gate-16-public-meta.spec.ts:39:3 › G7 public-meta: /network carries no internal codenames (91ms)
  ✓   19 [chromium] › tests/gates/gate-15-credibility.spec.ts:63:3 › G4 JSON-LD: /get-started parses and any publisher is canonical (106ms)
  ✓   20 [chromium] › tests/gates/gate-16-public-meta.spec.ts:39:3 › G7 public-meta: /vaults carries no internal codenames (102ms)
  ✓   21 [chromium] › tests/gates/gate-15-credibility.spec.ts:63:3 › G4 JSON-LD: /reference/specification parses and any publisher is canonical (83ms)
  ✓   22 [chromium] › tests/gates/gate-16-public-meta.spec.ts:39:3 › G7 public-meta: /commons carries no internal codenames (103ms)
  ✓    6 [chromium] › tests/gates/gate-10-perf.spec.ts:9:1 › G10 Perf: hero image uses modern format (WebP/AVIF, not bare JPEG) (668ms)
  ✓   23 [chromium] › tests/gates/gate-15-credibility.spec.ts:63:3 › G4 JSON-LD: /vaults/graph parses and any publisher is canonical (104ms)
  ✓   10 [chromium] › tests/gates/gate-13-nav-surfacing.spec.ts:22:1 › G13 Nav: header carries Commons in the desktop row (1440px) (689ms)
  ✓    3 [chromium] › tests/gates/gate-12-install-truth.spec.ts:24:3 › G12 Install truth: /get-started/ renders the canonical commands verbatim (725ms)
  ✓    1 [chromium] › tests/gates/gate-11-hero-banner.spec.ts:25:3 › G11 Band hero: Network (/network/) renders, 16:9, AVIF+WebP, pixel-art alt (769ms)
  ✓   24 [chromium] › tests/gates/gate-16-public-meta.spec.ts:39:3 › G7 public-meta: /get-started carries no internal codenames (137ms)
  ✓   26 [chromium] › tests/gates/gate-15-credibility.spec.ts:63:3 › G4 JSON-LD: /canonical-properties parses and any publisher is canonical (138ms)
  ✓   30 [chromium] › tests/gates/gate-16-public-meta.spec.ts:39:3 › G7 public-meta: /community carries no internal codenames (124ms)
  ✓   18 [chromium] › tests/gates/gate-17-agentic.spec.ts:113:3 › G12 — markdown twins resolve › G12: every manifest twin is served as markdown with a pointer block (601ms)
  ✓   31 [chromium] › tests/gates/gate-15-credibility.spec.ts:81:3 › G6 link integrity: / GitHub links are canonical, no dead patterns (85ms)
  ✓   33 [chromium] › tests/gates/gate-17-agentic.spec.ts:132:5 › G12 — markdown twins resolve › G12: /.md carries real content, not just its pointer block (8ms)
  ✓    8 [chromium] › tests/gates/audit-p1s3-sweep.spec.ts:103:5 › P1S3 axe [dark]: Learn hub (/learn/) @audit (954ms)
  ✓   35 [chromium] › tests/gates/gate-17-agentic.spec.ts:132:5 › G12 — markdown twins resolve › G12: /get-started.md carries real content, not just its pointer block (4ms)
  ✓   36 [chromium] › tests/gates/gate-17-agentic.spec.ts:132:5 › G12 — markdown twins resolve › G12: /about.md carries real content, not just its pointer block (7ms)
  ✓   38 [chromium] › tests/gates/gate-17-agentic.spec.ts:132:5 › G12 — markdown twins resolve › G12: /network.md carries real content, not just its pointer block (5ms)
  ✓   39 [chromium] › tests/gates/gate-17-agentic.spec.ts:132:5 › G12 — markdown twins resolve › G12: /glossary.md carries real content, not just its pointer block (9ms)
  ✓   40 [chromium] › tests/gates/gate-17-agentic.spec.ts:132:5 › G12 — markdown twins resolve › G12: /vaults.md carries real content, not just its pointer block (4ms)
  ✓   32 [chromium] › tests/gates/gate-16-public-meta.spec.ts:39:3 › G7 public-meta: /vaults/harness carries no internal codenames (97ms)
  ✓   41 [chromium] › tests/gates/gate-17-agentic.spec.ts:132:5 › G12 — markdown twins resolve › G12: /learn/what-is-adna.md carries real content, not just its pointer block (6ms)
  ✓   43 [chromium] › tests/gates/gate-17-agentic.spec.ts:132:5 › G12 — markdown twins resolve › G12: /reference/specification.md carries real content, not just its pointer block (5ms)
  ✓   44 [chromium] › tests/gates/gate-17-agentic.spec.ts:132:5 › G12 — markdown twins resolve › G12: /learn/concepts/triad.md carries real content, not just its pointer block (5ms)
  ✓   34 [chromium] › tests/gates/gate-15-credibility.spec.ts:81:3 › G6 link integrity: /learn/what-is-adna GitHub links are canonical, no dead patterns (105ms)
  ✓   45 [chromium] › tests/gates/gate-17-agentic.spec.ts:132:5 › G12 — markdown twins resolve › G12: /vaults/iii.md carries real content, not just its pointer block (17ms)
  ✓   47 [chromium] › tests/gates/gate-17-agentic.spec.ts:197:3 › G19 — the machine surfaces carry no present-tense protocol claim › G19: no non-HTML emitter asserts the network runs on the protocol (17ms)
  ✓   48 [chromium] › tests/gates/gate-17-agentic.spec.ts:314:3 › G18 — twin FIDELITY: the twin says what the page says › G18: every <code> placeholder on a page survives into its twin (20ms)
  ✓   49 [chromium] › tests/gates/gate-17-agentic.spec.ts:372:5 › G13 — the machine surfaces are discoverable from the page › G13: / names llms.txt in its rendered HTML (3ms)
  ✓   50 [chromium] › tests/gates/gate-17-agentic.spec.ts:372:5 › G13 — the machine surfaces are discoverable from the page › G13: /get-started/ names llms.txt in its rendered HTML (5ms)
  ✓   51 [chromium] › tests/gates/gate-17-agentic.spec.ts:372:5 › G13 — the machine surfaces are discoverable from the page › G13: /about/ names llms.txt in its rendered HTML (4ms)
  ✓   42 [chromium] › tests/gates/gate-16-public-meta.spec.ts:39:3 › G7 public-meta: /learn/concepts/triad carries no internal codenames (130ms)
  ✓   46 [chromium] › tests/gates/gate-15-credibility.spec.ts:81:3 › G6 link integrity: /network GitHub links are canonical, no dead patterns (87ms)
  ✓   52 [chromium] › tests/gates/gate-17-agentic.spec.ts:378:3 › G13 — the machine surfaces are discoverable from the page › G13: every page with a twin advertises it, and pages without one stay silent (30ms)
  ✓   55 [chromium] › tests/gates/gate-17-agentic.spec.ts:399:3 › G14 — llms-full.txt is a corpus, not an index › G14: the corpus is substantial and sectioned (37ms)
  ✓   54 [chromium] › tests/gates/gate-15-credibility.spec.ts:115:1 › G6b canonical-properties: every GitHub link on the page is a declared property (76ms)
  ✓   56 [chromium] › tests/gates/gate-17-agentic.spec.ts:409:3 › G14 — llms-full.txt is a corpus, not an index › G14: the corpus keeps the index it replaced (33ms)
  -   58 [chromium] › tests/gates/gate-17-agentic.spec.ts:463:3 › G15 — content negotiation is wired into the deploy surface › G15: one Vary-carrying negotiation route per twin, all before the filesystem boundary
  ✓   59 [chromium] › tests/gates/gate-17-agentic.spec.ts:501:3 › G15 — content negotiation is wired into the deploy surface › G15: negotiation did not displace the redirects (0ms)
  ✓   53 [chromium] › tests/gates/gate-16-public-meta.spec.ts:39:3 › G7 public-meta: /state-of-the-network carries no internal codenames (102ms)
  ✓   60 [chromium] › tests/gates/gate-17-agentic.spec.ts:531:3 › G16 — the registry is available as data › G16: both endpoints serve JSON (9ms)
  ✓   25 [chromium] › tests/gates/gate-10-perf.spec.ts:36:1 › G10 Perf: hero image has sizes attribute for responsive loading (601ms)
  ✓   62 [chromium] › tests/gates/gate-17-agentic.spec.ts:542:3 › G16 — the registry is available as data › G16: the versioned twin is byte-identical to the canonical path (7ms)
  ✓   64 [chromium] › tests/gates/gate-17-agentic.spec.ts:552:3 › G16 — the registry is available as data › G16: counts are derived from the payload, not asserted about it (4ms)
  ✓   65 [chromium] › tests/gates/gate-17-agentic.spec.ts:562:3 › G16 — the registry is available as data › G16: the payload states its own contract (4ms)
  ✓   66 [chromium] › tests/gates/gate-17-agentic.spec.ts:576:3 › G16 — the registry is available as data › G16: field_coverage counts match a recount of the rows (11ms)
  ✓   67 [chromium] › tests/gates/gate-17-agentic.spec.ts:594:3 › G16 — the registry is available as data › G16: rows listed with a minimal card leak nothing beyond the DP4 set (17ms)
  ✓   57 [chromium] › tests/gates/gate-15-credibility.spec.ts:131:1 › G6b canonical-properties: every resolving repository property is rendered (96ms)
  ✓   68 [chromium] › tests/gates/gate-17-agentic.spec.ts:619:3 › G16 — the registry is available as data › G16: the endpoint is advertised where an agent will look (6ms)
  ✓   61 [chromium] › tests/gates/gate-16-public-meta.spec.ts:39:3 › G7 public-meta: /canonical-properties carries no internal codenames (89ms)
  ✓   70 [chromium] › tests/gates/gate-17-agentic.spec.ts:629:3 › G16 — the registry is available as data › G16: every advertised row URL resolves (18ms)
  ✓   72 [chromium] › tests/gates/gate-18-categorical-color.spec.ts:57:1 › G9 categorical-colour: /vaults/graph uses ≤2 accent hues (no rainbow) (1ms)
  ✓   27 [chromium] › tests/gates/gate-13-nav-surfacing.spec.ts:30:1 › G13 Nav: desktop row is ≤7 items with no overflow disclosure (ADR-049) (623ms)
  ✓   71 [chromium] › tests/gates/gate-17-agentic.spec.ts:659:3 › G17 — structured data › G17: the registry declares itself a Dataset pointing at the endpoint (10ms)
  ✓   75 [chromium] › tests/gates/gate-19-lighthouse-budget.spec.ts:68:3 › G1 Lighthouse budget: /vaults/graph fixture meets LCP/CLS/Perf/A11y/BP/SEO/TBT budget (3ms)
  ✓   76 [chromium] › tests/gates/gate-19-lighthouse-budget.spec.ts:68:3 › G1 Lighthouse budget: /learn/concepts/knowledge-graph fixture meets LCP/CLS/Perf/A11y/BP/SEO/TBT budget (5ms)
  ✓   28 [chromium] › tests/gates/gate-12-install-truth.spec.ts:35:3 › G12 Install truth: /get-started/ carries no legacy install form (641ms)
  ✓   74 [chromium] › tests/gates/gate-17-agentic.spec.ts:671:3 › G17 — structured data › G17: every block carries a publisher Organization with sameAs (25ms)
  ✓   77 [chromium] › tests/gates/gate-19-lighthouse-budget.spec.ts:68:3 › G1 Lighthouse budget: /get-started fixture meets LCP/CLS/Perf/A11y/BP/SEO/TBT budget (7ms)
  ✓   80 [chromium] › tests/gates/gate-19-lighthouse-budget.spec.ts:68:3 › G1 Lighthouse budget: /learn/what-is-adna fixture meets LCP/CLS/Perf/A11y/BP/SEO/TBT budget (5ms)
  ✓   79 [chromium] › tests/gates/gate-17-agentic.spec.ts:685:3 › G17 — structured data › G17: no Astro-rendered page ships without JSON-LD (16ms)
  ✓   81 [chromium] › tests/gates/gate-20-claim-trace.spec.ts:69:1 › G-claim-trace: the seed manifest is populated and covers every high-signal class (3ms)
  ✓   29 [chromium] › tests/gates/gate-11-hero-banner.spec.ts:25:3 › G11 Band hero: Commons (/commons/) renders, 16:9, AVIF+WebP, pixel-art alt (658ms)
  ✓   83 [chromium] › tests/gates/gate-20-claim-trace.spec.ts:80:3 › G-claim-trace: vault-count — source_ref resolves (0ms)
  ✓   82 [chromium] › tests/gates/gate-21-currency.spec.ts:45:1 › G-currency: dist/ exists (run `npx astro build` first) (7ms)
  ✓   69 [chromium] › tests/gates/gate-15-credibility.spec.ts:143:1 › G6b canonical-properties: retired properties are named but never linked (110ms)
  ✓   85 [chromium] › tests/gates/gate-20-claim-trace.spec.ts:80:3 › G-claim-trace: relationship-count — source_ref resolves (1ms)
  ✓   87 [chromium] › tests/gates/gate-20-claim-trace.spec.ts:80:3 › G-claim-trace: standard-version — source_ref resolves (0ms)
  ✓   88 [chromium] › tests/gates/gate-20-claim-trace.spec.ts:80:3 › G-claim-trace: entity-type-count — source_ref resolves (0ms)
  ✓   90 [chromium] › tests/gates/gate-20-claim-trace.spec.ts:80:3 › G-claim-trace: conformance-levels — source_ref resolves (0ms)
  ✓   86 [chromium] › tests/gates/gate-21-currency.spec.ts:49:1 › G-currency: current vault count is the single source and reaches the output (23ms)
  ✓   91 [chromium] › tests/gates/gate-20-claim-trace.spec.ts:80:3 › G-claim-trace: standard-license — source_ref resolves (0ms)
  ✓   93 [chromium] › tests/gates/gate-20-claim-trace.spec.ts:80:3 › G-claim-trace: entity-types-spec-source — source_ref resolves (0ms)
  ✓   94 [chromium] › tests/gates/gate-20-claim-trace.spec.ts:80:3 › G-claim-trace: canonical-repo — source_ref resolves (0ms)
  ✓   95 [chromium] › tests/gates/gate-20-claim-trace.spec.ts:80:3 › G-claim-trace: subnetworks-count — source_ref resolves (0ms)
  ✓   96 [chromium] › tests/gates/gate-20-claim-trace.spec.ts:80:3 › G-claim-trace: proof-links-canonical-repo — source_ref resolves (1ms)
  ✓   92 [chromium] › tests/gates/gate-21-currency.spec.ts:55:1 › G-currency: current standard version + entity-type count reach the output (21ms)
  ✓   97 [chromium] › tests/gates/gate-20-claim-trace.spec.ts:80:3 › G-claim-trace: verified-external-urls — source_ref resolves (0ms)
  ✓   99 [chromium] › tests/gates/gate-20-claim-trace.spec.ts:80:3 › G-claim-trace: registry-generated-at — source_ref resolves (1ms)
  ✓  100 [chromium] › tests/gates/gate-20-claim-trace.spec.ts:80:3 › G-claim-trace: subnetworks-generated-at — source_ref resolves (1ms)
  ✓  101 [chromium] › tests/gates/gate-20-claim-trace.spec.ts:89:3 › G-claim-trace: vault-count — source matches the claim (74) (1ms)
  ✓   98 [chromium] › tests/gates/gate-21-currency.spec.ts:62:1 › G-currency: no swept-stale base entity-type count ("14 entity types") regressed (27ms)
  ✓  102 [chromium] › tests/gates/gate-20-claim-trace.spec.ts:89:3 › G-claim-trace: relationship-count — source matches the claim (14) (0ms)
  ✓  104 [chromium] › tests/gates/gate-20-claim-trace.spec.ts:89:3 › G-claim-trace: standard-version — source matches the claim (v2.5) (0ms)
  ✓  103 [chromium] › tests/gates/gate-21-currency.spec.ts:71:1 › G-currency: the network relationship count matches the edge source on its page (7ms)
  ✓  105 [chromium] › tests/gates/gate-20-claim-trace.spec.ts:89:3 › G-claim-trace: entity-type-count — source matches the claim (16) (0ms)
  ✓  106 [chromium] › tests/gates/gate-20-claim-trace.spec.ts:89:3 › G-claim-trace: conformance-levels — source matches the claim (3) (0ms)
  ✓  107 [chromium] › tests/gates/gate-20-claim-trace.spec.ts:89:3 › G-claim-trace: standard-license — source matches the claim (MIT) (1ms)
  ✓  109 [chromium] › tests/gates/gate-20-claim-trace.spec.ts:89:3 › G-claim-trace: proof-links-canonical-repo — source matches the claim (https://github.com/aDNA-Network/aDNA) (1ms)
  ✓  110 [chromium] › tests/gates/gate-20-claim-trace.spec.ts:89:3 › G-claim-trace: verified-external-urls — source matches the claim (0) (0ms)
  ✓  111 [chromium] › tests/gates/gate-20-claim-trace.spec.ts:89:3 › G-claim-trace: registry-generated-at — source matches the claim (2026-08-17) (0ms)
  ✓  112 [chromium] › tests/gates/gate-20-claim-trace.spec.ts:89:3 › G-claim-trace: subnetworks-generated-at — source matches the claim (2026-07-06) (0ms)
  ✓   89 [chromium] › tests/gates/gate-22-graph-ssr.spec.ts:60:1 › G-graph-ssr: an inline role="img" SVG with an accessible <title> is served (139ms)
  ✓  108 [chromium] › tests/gates/gate-23-hero-claims.spec.ts:49:1 › G-hero-claims: the homepage renders the A-11 functional-definition hero phrase (170ms)
  ✓  114 [chromium] › tests/gates/gate-22-graph-ssr.spec.ts:79:1 › G-graph-ssr: the SVG carries real, selectable <text> node labels (>= 30) (167ms)
  ✓   63 [chromium] › tests/gates/gate-10-perf.spec.ts:44:1 › G10 Perf: hero image has srcset for multiple breakpoints (606ms)
  ✓  115 [chromium] › tests/gates/gate-23-hero-claims.spec.ts:57:1 › G-hero-claims: the retired FALSE gloss stays gone (claim register R-14) (207ms)
  ✓   73 [chromium] › tests/gates/gate-13-nav-surfacing.spec.ts:46:1 › G13 Nav: desktop row fits at the 1024px switch-on (c158 lesson) (678ms)
  ✓   78 [chromium] › tests/gates/gate-12-install-truth.spec.ts:24:3 › G12 Install truth: /network/ renders the canonical commands verbatim (664ms)
  ✓   84 [chromium] › tests/gates/gate-11-hero-banner.spec.ts:25:3 › G11 Band hero: Vaults index (/vaults/) renders, 16:9, AVIF+WebP, pixel-art alt (731ms)
  ✓  116 [chromium] › tests/gates/gate-22-graph-ssr.spec.ts:88:1 › G-graph-twin-edges: every registry edge is readable in the twin from BOTH ends (349ms)
  ✓  118 [chromium] › tests/gates/gate-23-hero-claims.spec.ts:68:3 › G-hero-claims: "Lattice Protocol" is absent from the hero on / (R-125, counsel embargo) (317ms)
  ✓  113 [chromium] › tests/gates/gate-24-copy-craft.spec.ts:38:3 › G24 copy-craft: cards on /use-cases/ carry no "..." / "**" artifact (698ms)
  ✓   37 [chromium] › tests/gates/audit-p1s3-sweep.spec.ts:103:5 › P1S3 axe [dark]: What is aDNA (/learn/what-is-adna/) @audit (1.5s)
  ✓  122 [chromium] › tests/gates/gate-22-graph-ssr.spec.ts:122:1 › G-graph-twin-edges: an asymmetric edge does NOT read the same at both ends (354ms)
  ✓  117 [chromium] › tests/gates/gate-10-perf.spec.ts:55:1 › G10 Perf: no render-blocking external scripts in <head> (706ms)
  ✓  123 [chromium] › tests/gates/gate-23-hero-claims.spec.ts:68:3 › G-hero-claims: "Lattice Protocol" is absent from the hero on /network/ (R-125, counsel embargo) (327ms)
  ✓  120 [chromium] › tests/gates/gate-12-install-truth.spec.ts:35:3 › G12 Install truth: /network/ carries no legacy install form (878ms)
  ✓  119 [chromium] › tests/gates/gate-13-nav-surfacing.spec.ts:60:1 › G13 Nav: footer carries the top-level model including Commons (928ms)
  ✓  128 [chromium] › tests/gates/gate-23-hero-claims.spec.ts:68:3 › G-hero-claims: "Lattice Protocol" is absent from the hero on /commons/ (R-125, counsel embargo) (404ms)
  ✓  129 [chromium] › tests/gates/gate-12-install-truth.spec.ts:49:1 › G12 Install truth: fixture integrity (canonical repo + all template paths verified) (46ms)
  ✓  126 [chromium] › tests/gates/gate-22-graph-ssr.spec.ts:145:1 › G-graph-twin-edges: relationship links do not carry data-slug (round-trip pre-emption) (470ms)
  ✓  124 [chromium] › tests/gates/gate-24-copy-craft.spec.ts:38:3 › G24 copy-craft: cards on /reference/ carry no "..." / "**" artifact (754ms)
  ✓  121 [chromium] › tests/gates/gate-11-hero-banner.spec.ts:25:3 › G11 Band hero: Vaults graph (/vaults/graph/) renders, 16:9, AVIF+WebP, pixel-art alt (1.1s)
  ✓  127 [chromium] › tests/gates/gate-10-perf.spec.ts:67:1 › G10 Perf: no font-display:block in page styles (FOIT prevention) (950ms)
  ✓  133 [chromium] › tests/gates/gate-22-graph-ssr.spec.ts:156:1 › G-graph-ssr: the topology renders with JavaScript DISABLED (532ms)
  ✓  131 [chromium] › tests/gates/gate-23-hero-claims.spec.ts:68:3 › G-hero-claims: "Lattice Protocol" is absent from the hero on /vaults/ (R-125, counsel embargo) (680ms)
  ✓  130 [chromium] › tests/gates/gate-13-nav-surfacing.spec.ts:73:1 › G13 gateway: mission and participation link to their full destinations (926ms)
  ✓  132 [chromium] › tests/gates/gate-12-install-truth.spec.ts:64:1 › G12 Install truth: canonical repo is reachable (970ms)
  ✓  138 [chromium] › tests/gates/gate-23-hero-claims.spec.ts:91:1 › G-hero-claims: the fold does not promise the reader's context is both local and published (R-120) (290ms)
  ✓  125 [chromium] › tests/gates/audit-p1s3-sweep.spec.ts:103:5 › P1S3 axe [dark]: Concepts index (/learn/concepts/) @audit (1.6s)
  ✓  134 [chromium] › tests/gates/gate-24-copy-craft.spec.ts:38:3 › G24 copy-craft: cards on /patterns/ carry no "..." / "**" artifact (1.1s)
  ✓  135 [chromium] › tests/gates/gate-11-hero-banner.spec.ts:67:3 › G11 Doc hero: Learn hub (/learn/) renders, 16:9, modern format, alt present (997ms)
  ✓  136 [chromium] › tests/gates/gate-10-perf.spec.ts:90:1 › G10 Perf: homepage does not request a decorative hero illustration (838ms)
  ✓  137 [chromium] › tests/gates/gate-25-token-discipline.spec.ts:73:1 › G25 token-discipline: no undocumented hardcoded hex in CSS (826ms)
  ✓  145 [chromium] › tests/gates/gate-26-claim-register.spec.ts:122:1 › G-claim-register: the fixture covers the FALSE set and pairs every FALSE row with an expiry (12ms)
  ✓  147 [chromium] › tests/gates/gate-26-claim-register.spec.ts:149:1 › G-claim-register: the entity decoder covers everything the build emits (9ms)
  ✓  148 [chromium] › tests/gates/gate-26-claim-register.spec.ts:167:1 › G-claim-register: every row points at a page that actually built (0ms)
  ✓  149 [chromium] › tests/gates/gate-26-claim-register.spec.ts:195:3 › G-claim-register: R-12 — verified claim still present on / (1ms)
  ✓  150 [chromium] › tests/gates/gate-26-claim-register.spec.ts:195:3 › G-claim-register: R-24 — verified claim still present on / (0ms)
  ✓  151 [chromium] › tests/gates/gate-26-claim-register.spec.ts:195:3 › G-claim-register: R-31 — verified claim still present on /network (0ms)
  ✓  152 [chromium] › tests/gates/gate-26-claim-register.spec.ts:195:3 › G-claim-register: R-33 — verified claim still present on /network (0ms)
  ✓  153 [chromium] › tests/gates/gate-26-claim-register.spec.ts:195:3 › G-claim-register: R-42 — verified claim still present on /community (0ms)
  ✓  154 [chromium] › tests/gates/gate-26-claim-register.spec.ts:195:3 › G-claim-register: R-58 — verified claim still present on /about (0ms)
  ✓  155 [chromium] › tests/gates/gate-26-claim-register.spec.ts:195:3 › G-claim-register: R-64 — verified claim still present on /get-started (0ms)
  ✓  156 [chromium] › tests/gates/gate-26-claim-register.spec.ts:195:3 › G-claim-register: R-73 — verified claim still present on /learn/what-is-adna (0ms)
  ✓  157 [chromium] › tests/gates/gate-26-claim-register.spec.ts:195:3 › G-claim-register: R-76 — verified claim still present on /use-cases (0ms)
  ✓  158 [chromium] › tests/gates/gate-26-claim-register.spec.ts:195:3 › G-claim-register: R-85 — verified claim still present on /provenance-audit (0ms)
  ✓  159 [chromium] › tests/gates/gate-26-claim-register.spec.ts:195:3 › G-claim-register: R-88 — verified claim still present on /provenance-audit (0ms)
  ✓  160 [chromium] › tests/gates/gate-26-claim-register.spec.ts:195:3 › G-claim-register: R-92 — verified claim still present on /vaults/graph (0ms)
  ✓  161 [chromium] › tests/gates/gate-26-claim-register.spec.ts:195:3 › G-claim-register: R-94 — verified claim still present on / (0ms)
  ✓  162 [chromium] › tests/gates/gate-26-claim-register.spec.ts:195:3 › G-claim-register: R-95 — verified claim still present on /community (0ms)
  ✓  163 [chromium] › tests/gates/gate-26-claim-register.spec.ts:195:3 › G-claim-register: R-98 — verified claim still present on /state-of-the-network (1ms)
  ✓  164 [chromium] › tests/gates/gate-26-claim-register.spec.ts:195:3 › G-claim-register: R-99 — verified claim still present on /state-of-the-network (0ms)
  ✓  141 [chromium] › tests/gates/gate-23-hero-claims.spec.ts:107:1 › G-hero-claims: homepage relationships reach the graph and node links with JS DISABLED (540ms)
  ✓  165 [chromium] › tests/gates/gate-26-claim-register.spec.ts:195:3 › G-claim-register: R-100 — verified claim still present on /canonical-properties (0ms)
  ✓  167 [chromium] › tests/gates/gate-26-claim-register.spec.ts:195:3 › G-claim-register: R-101 — verified claim still present on /canonical-properties (0ms)
  ✓  168 [chromium] › tests/gates/gate-26-claim-register.spec.ts:195:3 › G-claim-register: R-111 — verified claim still present on /state-of-the-network (0ms)
  ✓  169 [chromium] › tests/gates/gate-26-claim-register.spec.ts:195:3 › G-claim-register: R-112 — verified claim still present on /about (0ms)
  ✓  170 [chromium] › tests/gates/gate-26-claim-register.spec.ts:195:3 › G-claim-register: R-113 — verified claim still present on /canonical-properties (0ms)
  ✓  146 [chromium] › tests/gates/gate-25-token-discipline.spec.ts:154:1 › G25b token-discipline: no undocumented colour-function literals in CSS (163ms)
  ✓  171 [chromium] › tests/gates/gate-26-claim-register.spec.ts:195:3 › G-claim-register: R-114 — verified claim still present on /vaults (0ms)
  ✓  172 [chromium] › tests/gates/gate-26-claim-register.spec.ts:195:3 › G-claim-register: R-115 — verified claim still present on /vaults (0ms)
  ✓  173 [chromium] › tests/gates/gate-26-claim-register.spec.ts:195:3 › G-claim-register: R-111b — verified claim still present on /canonical-properties (1ms)
  ✓  174 [chromium] › tests/gates/gate-27-leak-lint.spec.ts:208:1 › G-leak: every pattern matches its example and spares its counter-example (3ms)
  ✓  175 [chromium] › tests/gates/gate-26-claim-register.spec.ts:195:3 › G-claim-register: R-121 — verified claim still present on /learn/what-is-adna (0ms)
  ✓  177 [chromium] › tests/gates/gate-26-claim-register.spec.ts:195:3 › G-claim-register: R-126 — verified claim still present on /changelog (1ms)
  ✓  176 [chromium] › tests/gates/gate-27-leak-lint.spec.ts:222:1 › G-leak: the scan actually reaches the built surfaces (9ms)
  ✓  178 [chromium] › tests/gates/gate-26-claim-register.spec.ts:195:3 › G-claim-register: R-140 — verified claim still present on /community (1ms)
  ✓  180 [chromium] › tests/gates/gate-26-claim-register.spec.ts:195:3 › G-claim-register: R-141 — verified claim still present on /community (0ms)
  ✓  181 [chromium] › tests/gates/gate-26-claim-register.spec.ts:195:3 › G-claim-register: R-97 — verified claim still present on / (0ms)
  ✓  179 [chromium] › tests/gates/gate-27-leak-lint.spec.ts:253:1 › G-leak: the allowlist stays a reviewed instrument (dated, token-scoped, justified) (17ms)
  ✓  183 [chromium] › tests/gates/gate-27-leak-lint.spec.ts:268:1 › G-leak: the baseline declares its expiry (it is debt, not permission) (0ms)
  ✓  182 [chromium] › tests/gates/gate-28-no-dev-comments.spec.ts:60:1 › G-no-dev-comments: shipped HTML in dist/ carries no development comments (21ms)
  ✓  185 [chromium] › tests/gates/gate-28-no-dev-comments.spec.ts:75:1 › G-no-dev-comments: the deployed Vercel artifact is stripped too (24ms)
  ✓  186 [chromium] › tests/gates/gate-28-no-dev-comments.spec.ts:87:1 › G-no-dev-comments: the strip preserved real content (mermaid charts + escaped example markup) (22ms)
  ✓  184 [chromium] › tests/gates/gate-27-leak-lint.spec.ts:281:1 › G-leak: no internal-language leak outside the dated baseline (107ms)
  ✓  140 [chromium] › tests/gates/gate-12-install-truth.spec.ts:75:1 › G12 Install truth: legacy archive is reachable (old-URL redirect target) (802ms)
  ✓  189 [chromium] › tests/gates/gate-30-url-canonical.spec.ts:32:3 › gate-30 URL canonicalization › every built vault route directory is canonical (3ms)
  ✓  190 [chromium] › tests/gates/gate-30-url-canonical.spec.ts:46:3 › gate-30 URL canonicalization › the accessor law and the generator law are the same law (2ms)
  ✓  191 [chromium] › tests/gates/gate-30-url-canonical.spec.ts:55:3 › gate-30 URL canonicalization › the generator cannot let a card override the route slug (0ms)
  ✓  166 [chromium] › tests/gates/gate-23-hero-claims.spec.ts:134:1 › G-hero-claims: all four gateway tasks reach their content with JavaScript disabled (299ms)
  ✓  187 [chromium] › tests/gates/gate-29-reflow.spec.ts:32:5 › G29 reflow: docs article fills the viewport at 320 (/get-started/) (126ms)
  ✓  192 [chromium] › tests/gates/gate-30-url-canonical.spec.ts:64:3 › gate-30 URL canonicalization › site source reaches the registry only through the normalizing accessor (7ms)
  ✓  188 [chromium] › tests/gates/gate-27-leak-lint.spec.ts:325:1 › G-leak: the leak baseline stays empty (debt retired at P1.3, 2026-08-16) (121ms)
  ✓  194 [chromium] › tests/gates/gate-30-url-canonical.spec.ts:92:3 › gate-30 URL canonicalization › every emitted vault link in the build is canonical, whatever data produced it (17ms)
  ✓  197 [chromium] › tests/gates/gate-30-url-canonical.spec.ts:151:3 › gate-30 URL canonicalization › the subnetworks overlay resolves against the canonical registry (2ms)
  ✓  196 [chromium] › tests/gates/gate-31-link-integrity.spec.ts:118:3 › gate-31 internal link integrity › no internal link 404s (10ms)
  ✓  198 [chromium] › tests/gates/gate-30-url-canonical.spec.ts:216:3 › gate-30 URL canonicalization › every legacy vault slug has a redirect declared (0ms)
  ✓  199 [chromium] › tests/gates/gate-31-link-integrity.spec.ts:150:3 › gate-31 internal link integrity › no relative link targets escape their page (1ms)
  ✓  200 [chromium] › tests/gates/gate-30-url-canonical.spec.ts:228:3 › gate-30 URL canonicalization › redirect routes answer both slash forms, and never catch a canonical URL (2ms)
  ✓  201 [chromium] › tests/gates/gate-31-link-integrity.spec.ts:168:3 › gate-31 internal link integrity › every in-page anchor resolves to a real id (3ms)
  ✓  202 [chromium] › tests/gates/gate-30-url-canonical.spec.ts:256:3 › gate-30 URL canonicalization › IA consolidation: every retired audience route has a redirect to its destination (1ms)
  ✓  203 [chromium] › tests/gates/gate-30-url-canonical.spec.ts:294:3 › gate-30 URL canonicalization › IA consolidation: every redirect destination built a page (0ms)
  ✓  195 [chromium] › tests/gates/gate-32-spec-split.spec.ts:40:3 › gate-32 spec split integrity › the split is current with its source (41ms)
  ✓  204 [chromium] › tests/gates/gate-32-spec-split.spec.ts:50:3 › gate-32 spec split integrity › the sections reconstitute the specification body verbatim (1ms)
  ✓  205 [chromium] › tests/gates/gate-32-spec-split.spec.ts:75:3 › gate-32 spec split integrity › every section file declares itself generated (1ms)
  ✓  206 [chromium] › tests/gates/gate-34-glossary-preview.spec.ts:42:3 › gate-34 glossary preview integrity › every term has a preview of real length (1ms)
  ✓  207 [chromium] › tests/gates/gate-32-spec-split.spec.ts:86:3 › gate-32 spec split integrity › section numbering is dense, ascending, and matches the built routes (2ms)
  ✓  193 [chromium] › tests/gates/gate-29-reflow.spec.ts:32:5 › G29 reflow: docs article fills the viewport at 320 (/learn/what-is-adna/) (86ms)
  ✓  209 [chromium] › tests/gates/gate-34-glossary-preview.spec.ts:55:3 › gate-34 glossary preview integrity › no preview is merely a restatement of its own term (3ms)
  ✓  208 [chromium] › tests/gates/gate-33-freshness.spec.ts:44:3 › gate-33 page freshness & provenance › content pages carry a provenance footer (1ms)
  ✓  212 [chromium] › tests/gates/gate-33-freshness.spec.ts:53:3 › gate-33 page freshness & provenance › every provenance footer carries a working edit link (3ms)
  ✓  211 [chromium] › tests/gates/gate-34-glossary-preview.spec.ts:70:3 › gate-34 glossary preview integrity › no preview is cut inside a code span or bracket (1ms)
  ✓  213 [chromium] › tests/gates/gate-33-freshness.spec.ts:64:3 › gate-33 page freshness & provenance › spec pages point at the standard, not at a generated file (1ms)
  ✓  143 [chromium] › tests/gates/gate-24-copy-craft.spec.ts:38:3 › G24 copy-craft: cards on /community/ carry no "..." / "**" artifact (835ms)
  ✓  214 [chromium] › tests/gates/gate-35-registry-tiers.spec.ts:41:3 › gate-35 registry lifecycle tiers › the registry is grouped into exactly the three tiers, and no vault is lost (2ms)
  ✓  215 [chromium] › tests/gates/gate-33-freshness.spec.ts:78:3 › gate-33 page freshness & provenance › dates are real: present, well-formed, and not all the same day (3ms)
  ✓  217 [chromium] › tests/gates/gate-35-registry-tiers.spec.ts:60:3 › gate-35 registry lifecycle tiers › every tier count the page states is the count it renders (1ms)
  -  218 [chromium] › tests/gates/gate-36-tour-provenance.spec.ts:63:3 › gate-36 zero-install tour provenance › the vendored files are still the standard's files
  ✓  219 [chromium] › tests/gates/gate-35-registry-tiers.spec.ts:73:3 › gate-35 registry lifecycle tiers › the self-declared caveat ships on the index, in the page text (0ms)
  ✓  220 [chromium] › tests/gates/gate-36-tour-provenance.spec.ts:97:3 › gate-36 zero-install tour provenance › the published pin is a release ref, not a local-only identifier (1ms)
  ✓  221 [chromium] › tests/gates/gate-35-registry-tiers.spec.ts:83:3 › gate-35 registry lifecycle tiers › no tier word claims more than the data supports (1ms)
  -  223 [chromium] › tests/gates/gate-36-tour-provenance.spec.ts:124:3 › gate-36 zero-install tour provenance › the recorded local sync commit still resolves in the standard checkout
  ✓  224 [chromium] › tests/gates/gate-35-registry-tiers.spec.ts:116:3 › gate-35 registry lifecycle tiers › house status vocabulary does not reach the public registry surfaces (5ms)
  ✓  222 [chromium] › tests/gates/gate-37-proposal-process.spec.ts:73:3 › gate-37 proposal process › G37 §2: numbers are unique, positive integers (4ms)
  ✓  226 [chromium] › tests/gates/gate-35-registry-tiers.spec.ts:140:3 › gate-35 registry lifecycle tiers › the retired "tended by" framing has not returned (1ms)
  ✓  227 [chromium] › tests/gates/gate-37-proposal-process.spec.ts:83:3 › gate-37 proposal process › G37 §2: every proposal has a built page at its number-derived route (0ms)
  ✓  225 [chromium] › tests/gates/gate-36-tour-provenance.spec.ts:136:3 › gate-36 zero-install tour provenance › every vendored file is sourced from inside the standard tree (2ms)
  ✓  144 [chromium] › tests/gates/gate-11-hero-banner.spec.ts:67:3 › G11 Doc hero: How hub (/how/) renders, 16:9, modern format, alt present (646ms)
  ✓  228 [chromium] › tests/gates/gate-35-registry-tiers.spec.ts:151:3 › gate-35 registry lifecycle tiers › the tier derivation lives in one place, and both card components use it (1ms)
  ✓  229 [chromium] › tests/gates/gate-37-proposal-process.spec.ts:90:3 › gate-37 proposal process › G37 §2: no built proposal page exists without a record in the index (0ms)
  ✓  233 [chromium] › tests/gates/gate-37-proposal-process.spec.ts:102:3 › gate-37 proposal process › G37 §3: every proposal is in one of the eight ratified states (0ms)
  ✓  232 [chromium] › tests/gates/gate-35-registry-tiers.spec.ts:164:3 › gate-35 registry lifecycle tiers › card_present is not a tier input (1ms)
  ✓  230 [chromium] › tests/gates/gate-36-tour-provenance.spec.ts:145:3 › gate-36 zero-install tour provenance › the committed bytes match the hashes the pages publish (3ms)
  ✓  235 [chromium] › tests/gates/gate-35-registry-tiers.spec.ts:219:3 › gate-35 registry lifecycle tiers › G35b the empty-state mark renders once per absent field, and nowhere else (1ms)
  ✓  234 [chromium] › tests/gates/gate-37-proposal-process.spec.ts:108:3 › gate-37 proposal process › G37 §3: the published state machine is exactly the ratified eight (1ms)
  ✓  238 [chromium] › tests/gates/gate-37-proposal-process.spec.ts:112:3 › gate-37 proposal process › G37 §3: the content schema enum matches the ratified eight (3ms)
  ✓  236 [chromium] › tests/gates/gate-36-tour-provenance.spec.ts:157:3 › gate-36 zero-install tour provenance › every vendored file has an annotation and every annotation has a file (15ms)
  ✓  237 [chromium] › tests/gates/gate-35-registry-tiers.spec.ts:239:3 › gate-35 registry lifecycle tiers › G35b the mark keys on absence, NOT on lifecycle tier — asserted in both directions (14ms)
  ✓  239 [chromium] › tests/gates/gate-37-proposal-process.spec.ts:123:3 › gate-37 proposal process › G37 §3: state occupancy is derived, not typed (1ms)
  ✓  242 [chromium] › tests/gates/gate-37-proposal-process.spec.ts:131:3 › gate-37 proposal process › G37 §4: a `final` proposal names a conformance check that EXISTS on disk (1ms)
  ✓  240 [chromium] › tests/gates/gate-36-tour-provenance.spec.ts:170:3 › gate-36 zero-install tour provenance › each rendered page carries its file byte-exact (10ms)
  ✓  243 [chromium] › tests/gates/gate-37-proposal-process.spec.ts:144:3 › gate-37 proposal process › G37 §5: nothing reaches accepted or final without a named human ratifier (0ms)
  ✓  244 [chromium] › tests/gates/gate-36-tour-provenance.spec.ts:189:3 › gate-36 zero-install tour provenance › the tour does not name a local-only vault (1ms)
  ✓  245 [chromium] › tests/gates/gate-37-proposal-process.spec.ts:152:3 › gate-37 proposal process › G37 §5: an unratified proposal does not claim a ratifier (1ms)
  ✓  247 [chromium] › tests/gates/gate-37-proposal-process.spec.ts:160:3 › gate-37 proposal process › G37 §5: agent authorship is disclosed on the rendered page, not just in data (1ms)
  ✓  248 [chromium] › tests/gates/gate-37-proposal-process.spec.ts:175:3 › gate-37 proposal process › G37: every proposal has a state history whose last entry IS its status (1ms)
  ✓  210 [chromium] › tests/gates/gate-29-reflow.spec.ts:32:5 › G29 reflow: docs article fills the viewport at 320 (/community/) (153ms)
  ✓  249 [chromium] › tests/gates/gate-37-proposal-process.spec.ts:187:3 › gate-37 proposal process › G37: every state in a history is one of the ratified eight (3ms)
  ✓  246 [chromium] › tests/gates/gate-36-tour-provenance.spec.ts:205:3 › gate-36 zero-install tour provenance › no page carries the node router's private markers (25ms)
  ✓  251 [chromium] › tests/gates/gate-37-proposal-process.spec.ts:197:3 › gate-37 proposal process › G37: the state history is rendered, not merely stored (2ms)
  ✓  253 [chromium] › tests/gates/gate-37-proposal-process.spec.ts:210:3 › gate-37 proposal process › G37 §7: the JSON count equals the archive table row count (0ms)
  ✓  254 [chromium] › tests/gates/gate-37-proposal-process.spec.ts:219:3 › gate-37 proposal process › G37 §7: the machine index is served as JSON and declares a schema version (1ms)
  ✓  255 [chromium] › tests/gates/gate-37-proposal-process.spec.ts:223:3 › gate-37 proposal process › G37 §7: the title of each proposal carries its own immutable number (2ms)
  ✓  241 [chromium] › tests/gates/gate-35-registry-tiers.spec.ts:305:3 › gate-35 registry lifecycle tiers › G35b the mark is never the sole carrier of meaning (71ms)
  ✓  256 [chromium] › tests/gates/gate-37-proposal-process.spec.ts:240:3 › gate-37 proposal process › G37 §8: no responsiveness metric is published while none is measured (0ms)
  ✓  257 [chromium] › tests/gates/gate-35-registry-tiers.spec.ts:342:3 › gate-35 registry lifecycle tiers › G35b the zero-result state exists, is hidden at rest, and is credited once (2ms)
  ✓  258 [chromium] › tests/gates/gate-37-proposal-process.spec.ts:249:3 › gate-37 proposal process › G37 §8: the archive states the agent-authorship and human-ratification policy (1ms)
  ✓  252 [chromium] › tests/gates/gate-36-tour-provenance.spec.ts:221:3 › gate-36 zero-install tour provenance › the fabricated transcript has not come back (R-118) (21ms)
  ✓  260 [chromium] › tests/gates/gate-37-proposal-process.spec.ts:256:3 › gate-37 proposal process › G37 D9: /community links to the proposal archive (0ms)
  ✓  259 [chromium] › tests/gates/gate-35-registry-tiers.spec.ts:376:3 › gate-35 registry lifecycle tiers › G35b the credit prop is additive — a consumer that omits it renders nothing (1ms)
  ✓  139 [chromium] › tests/gates/gate-13-nav-surfacing.spec.ts:82:1 › G13 §5: public-good handoff reaches the data-sourced commons (1.2s)
  ✓  250 [chromium] › tests/gates/gate-29-reflow.spec.ts:49:3 › G29 reflow: /network run-a-node steps wrap, nothing clipped at 320 (91ms)
  ✓  264 [chromium] › tests/gates/gate-29-reflow.spec.ts:32:5 › G29 reflow: docs article fills the viewport at 375 (/get-started/) (107ms)
  ✓  262 [chromium] › tests/gates/gate-39-figure-typeset.spec.ts:173:1 › G39e diagram-rules: the construction rules are present and reachable from /design-system (153ms)
  ✓  261 [chromium] › tests/gates/gate-38-layout-invariants.spec.ts:58:3 › G38a anchor-offset: scroll-padding clears the sticky header at 375 (187ms)
  ✓  142 [chromium] › tests/gates/audit-p1s3-sweep.spec.ts:103:5 › P1S3 axe [dark]: Concept: convergence (/learn/concepts/convergence/) @audit (1.3s)
  ✓  266 [chromium] › tests/gates/gate-29-reflow.spec.ts:32:5 › G29 reflow: docs article fills the viewport at 375 (/learn/what-is-adna/) (92ms)
  ✓  268 [chromium] › tests/gates/gate-38-layout-invariants.spec.ts:58:3 › G38a anchor-offset: scroll-padding clears the sticky header at 768 (143ms)
  ✓  270 [chromium] › tests/gates/gate-29-reflow.spec.ts:32:5 › G29 reflow: docs article fills the viewport at 375 (/community/) (95ms)
  ✓  216 [chromium] › tests/gates/gate-24-copy-craft.spec.ts:38:3 › G24 copy-craft: cards on /learn/comparisons/ carry no "..." / "**" artifact (638ms)
  ✓  272 [chromium] › tests/gates/gate-29-reflow.spec.ts:49:3 › G29 reflow: /network run-a-node steps wrap, nothing clipped at 375 (95ms)
  ✓  271 [chromium] › tests/gates/gate-38-layout-invariants.spec.ts:58:3 › G38a anchor-offset: scroll-padding clears the sticky header at 1024 (161ms)
  ✓  231 [chromium] › tests/gates/gate-11-hero-banner.spec.ts:67:3 › G11 Doc hero: Patterns hub (/patterns/) renders, 16:9, modern format, alt present (633ms)
  ✓  274 [chromium] › tests/gates/gate-29-reflow.spec.ts:70:1 › G29 reflow: the network diagram serves its portrait variant on phones (F3) (123ms)
⛩ gate-39 advisory (dark): 0 below-pin readings for netdiagram-svg this run.
  ✓  267 [chromium] › tests/gates/gate-39-figure-typeset.spec.ts:209:5 › Gate 39 — figure typeset floor (lock O1) › G39 figure-typeset: rendered text clears the 12px floor, unclipped and level (dark) (504ms)
  ✓  275 [chromium] › tests/gates/gate-38-layout-invariants.spec.ts:58:3 › G38a anchor-offset: scroll-padding clears the sticky header at 1440 (170ms)
  ✓  277 [chromium] › tests/gates/gate-29-reflow.spec.ts:90:1 › G29 reflow: docs copy button overlays its code block (F12) (163ms)
  ✓  279 [chromium] › tests/gates/gate-38-layout-invariants.spec.ts:104:1 › G38e outline-purity: documentation chrome contributes no headings to the page outline (77ms)
  ✓  263 [chromium] › tests/gates/gate-13-nav-surfacing.spec.ts:101:1 › G13 audience pathways remain reachable through the Use Cases destination (772ms)
  ✓  281 [chromium] › tests/gates/gate-38-layout-invariants.spec.ts:154:1 › G38c font-delivery: every as=font preload resolves to a bundled woff2, no external host (29ms)
  ✓  280 [chromium] › tests/gates/gate-40-token-census.spec.ts:62:3 › gate-40 — component token census › G40a: the census actually measured a frame (coverage floor, not > 0) (54ms)
  ✓  284 [chromium] › tests/gates/gate-40-token-census.spec.ts:73:3 › gate-40 — component token census › G40b: no untokenized literal in any component or layout (56ms)
  ✓  283 [chromium] › tests/gates/gate-38-layout-invariants.spec.ts:190:1 › G38d font-loading: no brand @font-face lands in the error state (117ms)
  ✓  286 [chromium] › tests/gates/gate-38-layout-invariants.spec.ts:228:1 › G38b heading-primacy: every built page has exactly one h1, before any h2 (26ms)
  ✓  287 [chromium] › tests/gates/gate-41-derived-counts.spec.ts:70:1 › G41a: the gate is looking at the vault, not at wherever it was run from (1ms)
  ✓  265 [chromium] › tests/gates/gate-4-a11y.spec.ts:96:5 › G4 A11y [dark]: Homepage (/) has zero WCAG AA violations (917ms)
  ✓  285 [chromium] › tests/gates/gate-40-token-census.spec.ts:96:3 › gate-40 — component token census › G40c: the six token families are all still being checked (92ms)
  ✓  290 [chromium] › tests/gates/gate-42-console-clean.spec.ts:118:3 › gate-42 — zero console error › G42a: the route frame was actually derived (coverage floor, not > 0) (9ms)
  ✓  288 [chromium] › tests/gates/gate-41-derived-counts.spec.ts:84:1 › G41b (F-c): the claim register's published tally matches the derived one (42ms)
  ✓  292 [chromium] › tests/gates/gate-41-derived-counts.spec.ts:124:1 › G41c (F-m): the ADR index does not fall further behind the ADRs on disk (2ms)
  ✓  293 [chromium] › tests/gates/gate-41-derived-counts.spec.ts:166:1 › G41d (F-n): MANIFEST.md does not drift further behind STATE.md (2ms)
  ✓  273 [chromium] › tests/gates/gate-24-copy-craft.spec.ts:38:3 › G24 copy-craft: cards on /learn/concepts/ carry no "..." / "**" artifact (594ms)
  ✓  294 [chromium] › tests/gates/gate-43-offsite-cta.spec.ts:133:3 › gate-43 — off-site CTA target › G43a: the target set was actually derived from the build (coverage floor, not > 0) (43ms)
  ✓  276 [chromium] › tests/gates/gate-11-hero-banner.spec.ts:67:3 › G11 Doc hero: Reference hub (/reference/) renders, 16:9, modern format, alt present (639ms)
⛩ gate-39 advisory (light): 0 below-pin readings for netdiagram-svg this run.
  ✓  278 [chromium] › tests/gates/gate-39-figure-typeset.spec.ts:209:5 › Gate 39 — figure typeset floor (lock O1) › G39 figure-typeset: rendered text clears the 12px floor, unclipped and level (light) (495ms)
  ✓  298 [chromium] › tests/gates/gate-44-hub-substance.spec.ts:75:3 › gate-44 — hub substance floor › G44a: the measurement actually measured a frame (coverage floor, not > 0) (39ms)
  ✓  269 [chromium] › tests/gates/audit-p1s3-sweep.spec.ts:103:5 › P1S3 axe [dark]: Concept: knowledge-graph (/learn/concepts/knowledge-graph/) @audit (1.0s)
  ✓  299 [chromium] › tests/gates/gate-44-hub-substance.spec.ts:102:3 › gate-44 — hub substance floor › G44b: every hub meets the substance budget (38ms)
  ✓  301 [chromium] › tests/gates/gate-44-hub-substance.spec.ts:118:3 › gate-44 — hub substance floor › G44c: the budget is still supported by its own derivation (35ms)
  ✓  282 [chromium] › tests/gates/gate-13-nav-surfacing.spec.ts:110:1 › G13 Mobile disclosure: doc pages expose section nav below 768px (679ms)
  ✓  296 [chromium] › tests/gates/gate-43-offsite-cta.spec.ts:152:3 › gate-43 — off-site CTA target › G43b: every governance door the site advertises resolves (531ms)
  ✓  295 [chromium] › tests/gates/gate-24-copy-craft.spec.ts:38:3 › G24 copy-craft: cards on /learn/tutorials/ carry no "..." / "**" artifact (589ms)
  ✓  297 [chromium] › tests/gates/gate-11-hero-banner.spec.ts:67:3 › G11 Doc hero: Get Started (/get-started/) renders, 16:9, modern format, alt present (604ms)
  ✓  304 [chromium] › tests/gates/gate-43-offsite-cta.spec.ts:168:3 › gate-43 — off-site CTA target › G43c: every repository the site tells people to clone is licensed (323ms)
  ✓  289 [chromium] › tests/gates/gate-4-a11y.spec.ts:96:5 › G4 A11y [dark]: Concept page (/learn/concepts/triad) has zero WCAG AA violations (1.1s)
  ✓  300 [chromium] › tests/gates/audit-p1s3-sweep.spec.ts:103:5 › P1S3 axe [dark]: Tutorials index (/learn/tutorials/) @audit (823ms)
  ✓  303 [chromium] › tests/gates/gate-13-nav-surfacing.spec.ts:122:1 › G13 Mobile disclosure: hidden at tablet+ where the sidebar shows (624ms)
  ✓  302 [chromium] › tests/gates/gate-45-at-traversal.spec.ts:92:3 › G45 AT [home]: the document OPENS correctly for a screen reader (/) (846ms)
  ✓  305 [chromium] › tests/gates/gate-24-copy-craft.spec.ts:38:3 › G24 copy-craft: cards on /how/publishing/ carry no "..." / "**" artifact (563ms)
  ✓  306 [chromium] › tests/gates/gate-11-hero-banner.spec.ts:94:1 › G11 Hero: homepage has a native-theme reading surface and a real file example (860ms)
  ✓  307 [chromium] › tests/gates/gate-46-zoom-resize.spec.ts:85:3 › G46 resize [1.4.4]: text at 200% forces no horizontal scrolling (/) (731ms)
  ✓  310 [chromium] › tests/gates/gate-13-nav-surfacing.spec.ts:135:1 › G13 Audience surfacing: /provenance-audit scopes to Guides with a breadcrumb (657ms)
  ✓  312 [chromium] › tests/gates/gate-24-copy-craft.spec.ts:38:3 › G24 copy-craft: cards on /how/workshops/ carry no "..." / "**" artifact (659ms)
  ✓  311 [chromium] › tests/gates/gate-45-at-traversal.spec.ts:92:3 › G45 AT [get-started]: the document OPENS correctly for a screen reader (/get-started) (1.0s)
  ✓  316 [chromium] › tests/gates/gate-48-reading-glossary.spec.ts:94:3 › gate-48 — reading trend + glossary first use › G48a: both instruments pass their own controls before any number is believed (440ms)
  ✓  315 [chromium] › tests/gates/gate-24-copy-craft.spec.ts:38:3 › G24 copy-craft: cards on /how/lattice-examples/ carry no "..." / "**" artifact (876ms)
  ✓  318 [chromium] › tests/gates/gate-48-reading-glossary.spec.ts:104:3 › gate-48 — reading trend + glossary first use › G48b: the census measured its whole frame (coverage floor, not > 0) (398ms)
  ✓  314 [chromium] › tests/gates/gate-46-zoom-resize.spec.ts:85:3 › G46 resize [1.4.4]: text at 200% forces no horizontal scrolling (/about) (1.2s)
  ✓  320 [chromium] › tests/gates/gate-50-vitals-emit.spec.ts:32:1 › G50a Vitals: built pages ship a same-origin module containing the emitter (56ms)
  ✓  309 [chromium] › tests/gates/audit-p1s3-sweep.spec.ts:103:5 › P1S3 axe [dark]: Tutorial: navigate-a-vault (/learn/tutorials/navigate-a-vault/) @audit (2.0s)
  ✓  308 [chromium] › tests/gates/gate-4-a11y.spec.ts:96:5 › G4 A11y [dark]: Tutorial page (/learn/tutorials/first-claude-md) has zero WCAG AA violations (2.2s)

gate-48 reading trend (prose-only is canonical; whole-twin shown for contrast)
   12.69  (whole  14.47)  target 12  /reference/specification  OVER
   11.62  (whole  11.67)  target 12  /glossary
   11.45  (whole  13.44)  target 12  /about
   10.73  (whole  13.23)  target 12  /how
    10.7  (whole  12.89)  target 12  /community/proposals
   10.41  (whole  40.96)  target 12  /vaults  [low-confidence: thin prose — excluded from the count]
   10.25  (whole  11.34)  target 12  /security
    9.92  (whole  11.23)  target 10  /community
    9.83  (whole  15.01)  target 12  /reference  [low-confidence: thin prose — excluded from the count]
    9.78  (whole   9.93)  target 12  /privacy
    9.23  (whole   9.52)  target 12  /accessibility
    9.11  (whole   9.78)  target 12  /changelog
    8.77  (whole  11.54)  target 12  /network
    8.58  (whole  11.41)  target 12  /use-cases
    8.46  (whole  15.23)  target 12  /commons
    8.06  (whole   8.69)  target 12  /state-of-the-network
    7.92  (whole  10.72)  target 10  /learn/what-is-adna
    7.79  (whole   8.42)  target 12  /canonical-properties
    7.71  (whole   9.31)  target 10  /get-started
    6.19  (whole   6.81)  target 10  /  [low-confidence: thin prose — excluded from the count]
    4.96  (whole   9.25)  target 12  /learn
  ⇒ 1 of 18 graded routes over target (3 excluded as thin prose, reported not dropped).

  ✓  319 [chromium] › tests/gates/gate-48-reading-glossary.spec.ts:122:3 › gate-48 — reading trend + glossary first use › G48c: NON-BLOCKING — the reading trend is reported, never enforced (377ms)
  ✓  322 [chromium] › tests/gates/gate-50-vitals-emit.spec.ts:55:1 › G50b Vitals: a page load EMITS at least one collected metric (282ms)
  ✓  313 [chromium] › tests/gates/gate-47-keyboard.spec.ts:89:3 › G47 keyboard [home]: focus is visible, ordered, untrapped and unobscured (/) (1.6s)
  ✓  325 [chromium] › tests/gates/gate-48-reading-glossary.spec.ts:146:3 › gate-48 — reading trend + glossary first use › G48d: the glossary frame and its exclusions are what they claim to be (51ms)
  ✓  317 [chromium] › tests/gates/gate-45-at-traversal.spec.ts:92:3 › G45 AT [reference]: the document OPENS correctly for a screen reader (/reference/specification) (1.1s)
  ✓  326 [chromium] › tests/gates/gate-50-vitals-emit.spec.ts:71:1 › G50c Vitals: the emitting load makes no POST and no off-origin request (82ms)
  ✓  328 [chromium] › tests/gates/gate-48-reading-glossary.spec.ts:175:3 › gate-48 — reading trend + glossary first use › G48e: every checkable term is glossary-linked at its first use (50ms)
  ✓  331 [chromium] › tests/gates/gate-51-sweep-contract.spec.ts:38:1 › G51a Sweep contract: workflow exists, scheduled weekly, hand-runnable (7ms)
  ✓  332 [chromium] › tests/gates/gate-51-sweep-contract.spec.ts:57:1 › G51b Sweep contract: co-run prohibition ENFORCED via gates.yml’s own group (4ms)
  ✓  333 [chromium] › tests/gates/gate-51-sweep-contract.spec.ts:79:1 › G51c Sweep contract: fails loudly — no continue-on-error, pinned runner, bar derived-equal to gate-19 (4ms)
  ✓  334 [chromium] › tests/gates/gate-51-sweep-contract.spec.ts:114:1 › G51d Sweep contract: builds with npx astro build, never npm run build (1ms)
  ✓  330 [chromium] › tests/gates/gate-50-vitals-emit.spec.ts:95:1 › G50d Vitals: the adna:vital CustomEvent channel fires (79ms)
  ✓  335 [chromium] › tests/gates/gate-52-freshness-state.spec.ts:39:3 › gate-52 freshness state discrimination › a git that answered "false" is healthy (0ms)
  ✓  336 [chromium] › tests/gates/gate-52-freshness-state.spec.ts:43:3 › gate-52 freshness state discrimination › a git that answered "true" is shallow — and is NOT reported as unavailable (0ms)
  ✓  337 [chromium] › tests/gates/gate-52-freshness-state.spec.ts:48:3 › gate-52 freshness state discrimination › a git that FAILED is not shallow — the conflation that caused F-x (0ms)
  ✓  338 [chromium] › tests/gates/gate-53-bar-provenance.spec.ts:75:1 › G53a Bar provenance: each external source ref hashes to its recorded sha256 (1ms)
  ✓  339 [chromium] › tests/gates/gate-52-freshness-state.spec.ts:55:3 › gate-52 freshness state discrimination › the failure carries git's own words, so the cause is never guessed (0ms)
  ✓  341 [chromium] › tests/gates/gate-52-freshness-state.spec.ts:60:3 › gate-52 freshness state discrimination › an empty answer is a state, not a crash (0ms)
  ✓  340 [chromium] › tests/gates/gate-53-bar-provenance.spec.ts:104:1 › G53b Bar provenance: every gate-19 bar is recorded, and recorded value === value in force (3ms)
  ✓  342 [chromium] › tests/gates/gate-52-freshness-state.spec.ts:66:3 › gate-52 freshness state discrimination › the build line for a failed git refuses to prescribe fetch-depth (0ms)
  ✓  343 [chromium] › tests/gates/gate-53-bar-provenance.spec.ts:136:1 › G53c Bar provenance: external counterparts resolve inside the hashed source content (2ms)
  ✓  344 [chromium] › tests/gates/gate-52-freshness-state.spec.ts:78:3 › gate-52 freshness state discrimination › the build line for a genuine shallow clone DOES name the right remedy (0ms)
  ✓  345 [chromium] › tests/gates/gate-53-bar-provenance.spec.ts:171:1 › G53d Bar provenance: a bar with no external counterpart states the relationship and the reason (0ms)
  ✓  346 [chromium] › tests/gates/gate-52-freshness-state.spec.ts:84:3 › gate-52 freshness state discrimination › a healthy build says something quiet and true (0ms)
  ✓  347 [chromium] › tests/gates/gate-53-bar-provenance.spec.ts:194:1 › G53e Bar provenance: the un-adopted enumeration is COMPLETE against the source class (1ms)
  ✓  348 [chromium] › tests/gates/gate-53-bar-provenance.spec.ts:245:1 › G53g Bar provenance: every gate-19 fixture records the instrument it was measured with (3ms)
G53f NOT VERIFIED — peer vault absent at /Users/stanley/.cache/WebForge.aDNA/what/lib/gates/lighthouse_profiles.json. This limb asserts NOTHING in this environment (expected in CI). The claim it would carry — "the recorded hash still matches the live source" — is UNCHECKED here, not satisfied. G53a-G53e carry the gate's claim and all ran.
  ✓  350 [chromium] › tests/gates/gate-53-bar-provenance.spec.ts:282:1 › G53f Bar provenance: recorded source hash still matches the live peer vault (host-only) (0ms)
  ✓  351 [chromium] › tests/gates/gate-55-client-storage-truth.spec.ts:112:1 › G55a: every localStorage key the shipped site writes is named on /privacy (23ms)
  ✓  352 [chromium] › tests/gates/gate-55-client-storage-truth.spec.ts:122:1 › G55b: every key /privacy names is actually written by the shipped site (16ms)
  ✓  353 [chromium] › tests/gates/gate-55-client-storage-truth.spec.ts:133:1 › G55c: the extraction is non-vacuous and fully resolved (15ms)
  ✓  354 [chromium] › tests/gates/gate-55-client-storage-truth.spec.ts:150:1 › G55d: the non-key exclusion list is exactly what the gate declares (0ms)
  ✓  349 [chromium] › tests/gates/gate-54-doctrine-layer.spec.ts:184:3 › gate-54: GR-4 story coverage — D1/D2 doctrine, D4 on /commons, D3 on /network › G54a: the source walk covered its frame (coverage floor, not > 0) (2ms)
  ✓  355 [chromium] › tests/gates/gate-54-doctrine-layer.spec.ts:194:3 › gate-54: GR-4 story coverage — D1/D2 doctrine, D4 on /commons, D3 on /network › G54b: the exclusion set is what it claims to be, and its arithmetic is pinned (1ms)
  ✓  357 [chromium] › tests/gates/gate-56-transport-mounted.spec.ts:93:3 › gate-56 — the field-CWV transport is mounted, not merely installed › G56a: the dependency is declared (necessary, and on its own worth nothing) (0ms)
  ✓  356 [chromium] › tests/gates/gate-54-doctrine-layer.spec.ts:203:3 › gate-54: GR-4 story coverage — D1/D2 doctrine, D4 on /commons, D3 on /network › G54c: D1 is published in AUTHORED content (3ms)
  ✓  359 [chromium] › tests/gates/gate-54-doctrine-layer.spec.ts:214:3 › gate-54: GR-4 story coverage — D1/D2 doctrine, D4 on /commons, D3 on /network › G54h: the vendored exclusion is still load-bearing (0ms)
  ✓  360 [chromium] › tests/gates/gate-54-doctrine-layer.spec.ts:223:3 › gate-54: GR-4 story coverage — D1/D2 doctrine, D4 on /commons, D3 on /network › G54d: D2 is published on BOTH of its named home pages (0ms)
  ✓  358 [chromium] › tests/gates/gate-56-transport-mounted.spec.ts:103:3 › gate-56 — the field-CWV transport is mounted, not merely installed › G56b: every Astro-built page actually RENDERS the transport element (23ms)
  ✓  361 [chromium] › tests/gates/gate-54-doctrine-layer.spec.ts:232:3 › gate-54: GR-4 story coverage — D1/D2 doctrine, D4 on /commons, D3 on /network › G54e: every graded page was actually measured (coverage floor) (0ms)
  ✓  363 [chromium] › tests/gates/gate-54-doctrine-layer.spec.ts:252:3 › gate-54: GR-4 story coverage — D1/D2 doctrine, D4 on /commons, D3 on /network › G54f: each new doctrine section meets the derived substance floor (0ms)
  ✓  364 [chromium] › tests/gates/gate-54-doctrine-layer.spec.ts:272:3 › gate-54: GR-4 story coverage — D1/D2 doctrine, D4 on /commons, D3 on /network › G54k: each graded section also clears its OWN page's comparator floor (0ms)
  ✓  365 [chromium] › tests/gates/gate-54-doctrine-layer.spec.ts:284:3 › gate-54: GR-4 story coverage — D1/D2 doctrine, D4 on /commons, D3 on /network › G54g: the derivation still supports the pinned budget (0ms)
  ✓  362 [chromium] › tests/gates/gate-56-transport-mounted.spec.ts:124:3 › gate-56 — the field-CWV transport is mounted, not merely installed › G56c: the exclusion set is EXACTLY what it claims — no silent growth (12ms)
  ✓  366 [chromium] › tests/gates/gate-54-doctrine-layer.spec.ts:307:3 › gate-54: GR-4 story coverage — D1/D2 doctrine, D4 on /commons, D3 on /network › G54i: the /commons twin is measurable, and the probe reaches real text (0ms)
  ✓  367 [chromium] › tests/gates/gate-56-transport-mounted.spec.ts:141:3 › gate-56 — the field-CWV transport is mounted, not merely installed › G56d: /privacy discloses configured transport and unverified receipt (0ms)
  ✓  368 [chromium] › tests/gates/gate-54-doctrine-layer.spec.ts:335:3 › gate-54: GR-4 story coverage — D1/D2 doctrine, D4 on /commons, D3 on /network › G54j: the D4 ancient-DNA disambiguation reaches the reader on /commons (0ms)
  ✓  369 [chromium] › tests/gates/gate-56-transport-mounted.spec.ts:160:3 › gate-56 — the field-CWV transport is mounted, not merely installed › G56e: /privacy does NOT still claim the numbers stay on the device (0ms)
  ✓  370 [chromium] › tests/gates/gate-54-doctrine-layer.spec.ts:403:3 › gate-54: GR-4 story coverage — D1/D2 doctrine, D4 on /commons, D3 on /network › G54l: the D3 section is measurable and the probe reaches real text (0ms)
  ✓  372 [chromium] › tests/gates/gate-54-doctrine-layer.spec.ts:420:3 › gate-54: GR-4 story coverage — D1/D2 doctrine, D4 on /commons, D3 on /network › G54m: the D3 section carries its planned-framing markers (0ms)
  ✓  371 [chromium] › tests/gates/gate-56-transport-mounted.spec.ts:172:3 › gate-56 — the field-CWV transport is mounted, not merely installed › G56f: the injected path is the one gate-42 stubs (the coupling is asserted, not assumed) (2ms)
  ✓  373 [chromium] › tests/gates/gate-54-doctrine-layer.spec.ts:432:3 › gate-54: GR-4 story coverage — D1/D2 doctrine, D4 on /commons, D3 on /network › G54n: the D3 section makes no present-availability claim (0ms)
  ✓  374 [chromium] › tests/gates/gate-54-doctrine-layer.spec.ts:472:3 › gate-54: GR-4 story coverage — D1/D2 doctrine, D4 on /commons, D3 on /network › G54o: the top nav is still capped at its ratified 7 flat entries (0ms)
  ✓  375 [chromium] › tests/gates/gate-54-doctrine-layer.spec.ts:490:3 › gate-54: GR-4 story coverage — D1/D2 doctrine, D4 on /commons, D3 on /network › G54p: the home twin is measurable, and the probe reaches real text (1ms)
  ✓  377 [chromium] › tests/gates/gate-54-doctrine-layer.spec.ts:509:3 › gate-54: GR-4 story coverage — D1/D2 doctrine, D4 on /commons, D3 on /network › G54q: the returning-member entry point names BOTH destinations (0ms)
  ✓  378 [chromium] › tests/gates/gate-54-doctrine-layer.spec.ts:528:3 › gate-54: GR-4 story coverage — D1/D2 doctrine, D4 on /commons, D3 on /network › G54r: the reached changelog contains the source-derived latest dates (4ms)
  ✓  379 [chromium] › tests/gates/gate-54-doctrine-layer.spec.ts:637:3 › gate-54: GR-4 story coverage — D1/D2 doctrine, D4 on /commons, D3 on /network › G54t: the D6 probe reaches protocol text, and its exclusion arithmetic is pinned (17ms)
  ✓  380 [chromium] › tests/gates/gate-54-doctrine-layer.spec.ts:667:3 › gate-54: GR-4 story coverage — D1/D2 doctrine, D4 on /commons, D3 on /network › G54u: no retired present-tense protocol claim reaches a reader (13ms)
  ✓  381 [chromium] › tests/gates/gate-54-doctrine-layer.spec.ts:736:3 › gate-54: GR-4 story coverage — D1/D2 doctrine, D4 on /commons, D3 on /network › G54v: the /privacy twin is measurable, and the probe reaches real text (0ms)
  ✓  382 [chromium] › tests/gates/gate-54-doctrine-layer.spec.ts:755:3 › gate-54: GR-4 story coverage — D1/D2 doctrine, D4 on /commons, D3 on /network › G54w: R-124's disclaiming section reaches the reader, and is not a mention (0ms)
  ✓  383 [chromium] › tests/gates/gate-54-doctrine-layer.spec.ts:795:3 › gate-54: GR-4 story coverage — D1/D2 doctrine, D4 on /commons, D3 on /network › G54x: the R-124 section makes NO compliance claim (0ms)
  ✓  321 [chromium] › tests/gates/gate-46-zoom-resize.spec.ts:85:3 › G46 resize [1.4.4]: text at 200% forces no horizontal scrolling (/vaults) (965ms)
  ✓  323 [chromium] › tests/gates/audit-p1s3-sweep.spec.ts:103:5 › P1S3 axe [dark]: Comparisons index (/learn/comparisons/) @audit (828ms)
  ✓  327 [chromium] › tests/gates/gate-47-keyboard.spec.ts:145:3 › G47 keyboard [home]: the skip link is the FIRST stop and becomes visible (/) (849ms)
  ✓  324 [chromium] › tests/gates/gate-4-a11y.spec.ts:96:5 › G4 A11y [dark]: Course index (/learn/course/) has zero WCAG AA violations (890ms)
  ✓  329 [chromium] › tests/gates/gate-45-at-traversal.spec.ts:92:3 › G45 AT [registry]: the document OPENS correctly for a screen reader (/vaults) (881ms)
  ✓  376 [chromium] › tests/gates/gate-6-meta.spec.ts:24:3 › G6 Meta: Homepage (/) has required meta tags (612ms)
  ✓  384 [chromium] › tests/gates/gate-7-interaction.spec.ts:47:1 › G7 Interaction: homepage has ≤ MAX_MEDIA_PLACEHOLDERS placeholder elements (561ms)
  ✓  385 [chromium] › tests/gates/gate-46-zoom-resize.spec.ts:85:3 › G46 resize [1.4.4]: text at 200% forces no horizontal scrolling (/get-started) (745ms)
  ✓  390 [chromium] › tests/gates/gate-6-meta.spec.ts:24:3 › G6 Meta: Concept page (/learn/concepts/triad) has required meta tags (670ms)
  ✓  387 [chromium] › tests/gates/gate-47-keyboard.spec.ts:89:3 › G47 keyboard [get-started]: focus is visible, ordered, untrapped and unobscured (/get-started) (773ms)
  ✓  386 [chromium] › tests/gates/audit-p1s3-sweep.spec.ts:103:5 › P1S3 axe [dark]: Comparison: adna-vs-notion (/learn/comparisons/adna-vs-notion/) @audit (965ms)
  ✓  389 [chromium] › tests/gates/gate-45-at-traversal.spec.ts:92:3 › G45 AT [graph]: the document OPENS correctly for a screen reader (/vaults/graph/) (900ms)
  ✓  388 [chromium] › tests/gates/gate-4-a11y.spec.ts:96:5 › G4 A11y [dark]: Course lesson (interactive checks) (/learn/course/what-is-an-adna-graph/) has zero WCAG AA violations (1.0s)
  ✓  392 [chromium] › tests/gates/gate-46-zoom-resize.spec.ts:85:3 › G46 resize [1.4.4]: text at 200% forces no horizontal scrolling (/design-system) (753ms)
  ✓  393 [chromium] › tests/gates/gate-6-meta.spec.ts:24:3 › G6 Meta: Tutorial page (/learn/tutorials/first-claude-md) has required meta tags (601ms)
  ✓  394 [chromium] › tests/gates/gate-47-keyboard.spec.ts:145:3 › G47 keyboard [get-started]: the skip link is the FIRST stop and becomes visible (/get-started) (844ms)
  ✓  395 [chromium] › tests/gates/audit-p1s3-sweep.spec.ts:103:5 › P1S3 axe [dark]: How hub (/how/) @audit (816ms)
  ✓  396 [chromium] › tests/gates/gate-45-at-traversal.spec.ts:131:1 › G45 AT [registry]: the result-count live region is SPOKEN when filtering changes the set (AC7) (741ms)
  ✓  397 [chromium] › tests/gates/gate-4-a11y.spec.ts:96:5 › G4 A11y [dark]: Pattern page (/patterns/agents-md) has zero WCAG AA violations (918ms)
  ✓  399 [chromium] › tests/gates/gate-6-meta.spec.ts:24:3 › G6 Meta: Pattern page (/patterns/agents-md) has required meta tags (594ms)
  ✓  398 [chromium] › tests/gates/gate-46-zoom-resize.spec.ts:85:3 › G46 resize [1.4.4]: text at 200% forces no horizontal scrolling (/network/) (722ms)
  ✓  400 [chromium] › tests/gates/gate-47-keyboard.spec.ts:89:3 › G47 keyboard [reference]: focus is visible, ordered, untrapped and unobscured (/reference/specification) (665ms)
  ✓  402 [chromium] › tests/gates/gate-8-brand.spec.ts:22:5 › G8 Brand: capture homepage at mobile (375px) (613ms)
  ✓  405 [chromium] › tests/gates/gate-46-zoom-resize.spec.ts:125:3 › G46 reflow [1.4.10]: 400% zoom equivalent (320 CSS px) forces no horizontal scrolling (/) (620ms)
  ✓  391 [chromium] › tests/gates/gate-7-interaction.spec.ts:61:1 › G7 Interaction: site-wide placeholder count ≤ MAX_MEDIA_PLACEHOLDERS (2.7s)
  ✓  404 [chromium] › tests/gates/gate-6-meta.spec.ts:24:3 › G6 Meta: Reference page (/reference/specification) has required meta tags (902ms)
  ✓  401 [chromium] › tests/gates/audit-p1s3-sweep.spec.ts:103:5 › P1S3 axe [dark]: Publishing index (/how/publishing/) @audit (1.2s)
  ✓  406 [chromium] › tests/gates/gate-47-keyboard.spec.ts:145:3 › G47 keyboard [reference]: the skip link is the FIRST stop and becomes visible (/reference/specification) (906ms)
  ✓  403 [chromium] › tests/gates/gate-4-a11y.spec.ts:96:5 › G4 A11y [dark]: 404 page (/404.html) has zero WCAG AA violations (1.4s)
  ✓  407 [chromium] › tests/gates/gate-8-brand.spec.ts:22:5 › G8 Brand: capture concept at mobile (375px) (1.0s)
  ✓  408 [chromium] › tests/gates/gate-46-zoom-resize.spec.ts:125:3 › G46 reflow [1.4.10]: 400% zoom equivalent (320 CSS px) forces no horizontal scrolling (/vaults) (997ms)
  ✓  410 [chromium] › tests/gates/gate-6-meta.spec.ts:24:3 › G6 Meta: Use case page (/use-cases/solo-developer) has required meta tags (1.0s)
  ✓  411 [chromium] › tests/gates/audit-p1s3-sweep.spec.ts:103:5 › P1S3 axe [dark]: Publishing: vault-to-site (/how/publishing/vault-to-site/) @audit (1.4s)
  ✓  412 [chromium] › tests/gates/gate-47-keyboard.spec.ts:89:3 › G47 keyboard [registry]: focus is visible, ordered, untrapped and unobscured (/vaults) (1.0s)
  ✓  414 [chromium] › tests/gates/gate-8-brand.spec.ts:22:5 › G8 Brand: capture tutorial at mobile (375px) (994ms)
  ✓  415 [chromium] › tests/gates/gate-46-zoom-resize.spec.ts:125:3 › G46 reflow [1.4.10]: 400% zoom equivalent (320 CSS px) forces no horizontal scrolling (/design-system) (868ms)
  ✓  416 [chromium] › tests/gates/gate-6-meta.spec.ts:24:3 › G6 Meta: Get started (/get-started) has required meta tags (723ms)
  ✓  413 [chromium] › tests/gates/gate-4-a11y.spec.ts:96:5 › G4 A11y [dark]: Network graph (/vaults/graph/) has zero WCAG AA violations (1.5s)
  ✓  419 [chromium] › tests/gates/gate-8-brand.spec.ts:22:5 › G8 Brand: capture homepage at tablet (768px) (609ms)
  ✓  417 [chromium] › tests/gates/audit-p1s3-sweep.spec.ts:103:5 › P1S3 axe [dark]: Lattice-examples index (/how/lattice-examples/) @audit (809ms)
  ✓  420 [chromium] › tests/gates/gate-46-zoom-resize.spec.ts:125:3 › G46 reflow [1.4.10]: 400% zoom equivalent (320 CSS px) forces no horizontal scrolling (/state-of-the-network) (584ms)
  ✓  418 [chromium] › tests/gates/gate-47-keyboard.spec.ts:145:3 › G47 keyboard [registry]: the skip link is the FIRST stop and becomes visible (/vaults) (852ms)
  ✓  421 [chromium] › tests/gates/gate-6-meta.spec.ts:24:3 › G6 Meta: Network page (/network) has required meta tags (588ms)
  ✓  422 [chromium] › tests/gates/gate-4-a11y.spec.ts:96:5 › G4 A11y [dark]: Vault detail (with relationships) (/vaults/harness/) has zero WCAG AA violations (845ms)
  ✓  425 [chromium] › tests/gates/gate-46-zoom-resize.spec.ts:125:3 › G46 reflow [1.4.10]: 400% zoom equivalent (320 CSS px) forces no horizontal scrolling (/about) (601ms)
  ✓  423 [chromium] › tests/gates/gate-8-brand.spec.ts:22:5 › G8 Brand: capture concept at tablet (768px) (730ms)
  ✓  426 [chromium] › tests/gates/gate-47-keyboard.spec.ts:89:3 › G47 keyboard [graph]: focus is visible, ordered, untrapped and unobscured (/vaults/graph/) (717ms)
  ✓  427 [chromium] › tests/gates/gate-6-meta.spec.ts:24:3 › G6 Meta: Commons page (/commons) has required meta tags (613ms)
  ✓  424 [chromium] › tests/gates/audit-p1s3-sweep.spec.ts:103:5 › P1S3 axe [dark]: Lattice example: context-serving (/how/lattice-examples/lattice-context-serving/) @audit (1.0s)
  ✓  430 [chromium] › tests/gates/gate-8-brand.spec.ts:22:5 › G8 Brand: capture tutorial at tablet (768px) (820ms)
  ✓  432 [chromium] › tests/gates/gate-6-meta.spec.ts:24:3 › G6 Meta: State of the network (/state-of-the-network) has required meta tags (725ms)
  ✓  431 [chromium] › tests/gates/gate-47-keyboard.spec.ts:145:3 › G47 keyboard [graph]: the skip link is the FIRST stop and becomes visible (/vaults/graph/) (867ms)
  ✓  429 [chromium] › tests/gates/gate-46-zoom-resize.spec.ts:144:1 › G46 motion: the --transition-* tokens zero under prefers-reduced-motion (with control) (1.2s)
  ✓  433 [chromium] › tests/gates/audit-p1s3-sweep.spec.ts:103:5 › P1S3 axe [dark]: Workshops index (/how/workshops/) @audit (1.2s)
  ✓  434 [chromium] › tests/gates/gate-8-brand.spec.ts:22:5 › G8 Brand: capture homepage at desktop (1440px) (842ms)
  ✓  428 [chromium] › tests/gates/gate-4-a11y.spec.ts:96:5 › G4 A11y [dark]: Network page (/network) has zero WCAG AA violations (1.8s)
  ✓  435 [chromium] › tests/gates/gate-6-meta.spec.ts:24:3 › G6 Meta: Canonical properties (/canonical-properties) has required meta tags (895ms)
  ✘  436 [chromium] › tests/gates/gate-47-keyboard.spec.ts:203:1 › G47 keyboard: Shift+Tab walks back through the same order (no one-way trap) (1.9s)
  ✓  441 [chromium] › tests/gates/gate-6-meta.spec.ts:77:1 › G6 Meta: 404 page has noindex (1.5s)
(node:7628) Warning: The 'NO_COLOR' env is ignored due to the 'FORCE_COLOR' env being set.
(Use `node --trace-warnings ...` to show where the warning was created)
  ✓  438 [chromium] › tests/gates/audit-p1s3-sweep.spec.ts:103:5 › P1S3 axe [dark]: Workshop: build-your-first-vault (/how/workshops/build-your-first-vault/) @audit (1.9s)
(node:7628) [DEP0205] DeprecationWarning: `module.register()` is deprecated. Use `module.registerHooks()` instead.
(node:7628) Warning: The 'NO_COLOR' env is ignored due to the 'FORCE_COLOR' env being set.
(Use `node --trace-warnings ...` to show where the warning was created)
  ✓  437 [chromium] › tests/gates/gate-46-zoom-resize.spec.ts:190:1 › G46 motion: the network diagram does not arm its compose animation under reduced motion (with control) (2.4s)
  ✓  440 [chromium] › tests/gates/gate-4-a11y.spec.ts:96:5 › G4 A11y [dark]: Commons page (/commons) has zero WCAG AA violations (1.9s)
  ✓  439 [chromium] › tests/gates/gate-8-brand.spec.ts:22:5 › G8 Brand: capture concept at desktop (1440px) (2.1s)
  ✓  443 [chromium] › tests/gates/gate-9-responsive.spec.ts:63:5 › G9 Responsive: Homepage at mobile_small (320px) — no horizontal overflow (608ms)
  ✓  442 [chromium] › tests/gates/audit-p1s3-sweep.spec.ts:103:5 › P1S3 axe [dark]: Reference index (/reference/) @audit (864ms)
  ✓  445 [chromium] › tests/gates/gate-8-brand.spec.ts:22:5 › G8 Brand: capture tutorial at desktop (1440px) (715ms)
  ✓  409 [chromium] › tests/gates/gate-7-interaction.spec.ts:100:1 › G7 Interaction: ≥ 12 concept pages have a Mermaid diagram (7.7s)
  ✓  446 [chromium] › tests/gates/gate-9-responsive.spec.ts:63:5 › G9 Responsive: Concept page at mobile_small (320px) — no horizontal overflow (647ms)
  ✓  444 [chromium] › tests/gates/gate-4-a11y.spec.ts:96:5 › G4 A11y [dark]: Vaults index (/vaults) has zero WCAG AA violations (1.4s)
  ✓  449 [chromium] › tests/gates/gate-9-responsive.spec.ts:63:5 › G9 Responsive: Tutorial page at mobile_small (320px) — no horizontal overflow (576ms)
  ✓  447 [chromium] › tests/gates/audit-p1s3-sweep.spec.ts:103:5 › P1S3 axe [dark]: Reference: migration-guide (/reference/migration-guide/) @audit (1.5s)
  ✓  451 [chromium] › tests/gates/gate-9-responsive.spec.ts:63:5 › G9 Responsive: Glossary page at mobile_small (320px) — no horizontal overflow (646ms)
  ✓  450 [chromium] › tests/gates/gate-4-a11y.spec.ts:96:5 › G4 A11y [dark]: Get Started (/get-started) has zero WCAG AA violations (1.4s)
  ✓  453 [chromium] › tests/gates/gate-9-responsive.spec.ts:63:5 › G9 Responsive: Network page at mobile_small (320px) — no horizontal overflow (624ms)
  ✓  452 [chromium] › tests/gates/audit-p1s3-sweep.spec.ts:103:5 › P1S3 axe [dark]: Reference: tool-setup (/reference/tool-setup/) @audit (1.9s)
  ✓  455 [chromium] › tests/gates/gate-9-responsive.spec.ts:63:5 › G9 Responsive: Graph page at mobile_small (320px) — no horizontal overflow (997ms)
  ✓  454 [chromium] › tests/gates/gate-4-a11y.spec.ts:96:5 › G4 A11y [dark]: Specification (/reference/specification) has zero WCAG AA violations (1.8s)
  ✓  457 [chromium] › tests/gates/gate-9-responsive.spec.ts:63:5 › G9 Responsive: Vault detail at mobile_small (320px) — no horizontal overflow (727ms)
  ✓  456 [chromium] › tests/gates/audit-p1s3-sweep.spec.ts:103:5 › P1S3 axe [dark]: Patterns index (/patterns/) @audit (994ms)
  ✓  459 [chromium] › tests/gates/gate-9-responsive.spec.ts:63:5 › G9 Responsive: Commons page at mobile_small (320px) — no horizontal overflow (584ms)
  ✓  448 [chromium] › tests/gates/gate-7-interaction.spec.ts:123:1 › G7 Interaction: ≥ 6 tutorial pages have copy buttons on code blocks (4.6s)
  ✓  458 [chromium] › tests/gates/gate-4-a11y.spec.ts:96:5 › G4 A11y [dark]: Design system (/design-system) has zero WCAG AA violations (1.1s)
  ✓  460 [chromium] › tests/gates/audit-p1s3-sweep.spec.ts:103:5 › P1S3 axe [dark]: Pattern: mission-decomposition (/patterns/mission-decomposition/) @audit (949ms)
  ✓  461 [chromium] › tests/gates/gate-9-responsive.spec.ts:63:5 › G9 Responsive: Vaults index at mobile_small (320px) — no horizontal overflow (570ms)
  ✓  463 [chromium] › tests/gates/gate-4-a11y.spec.ts:96:5 › G4 A11y [dark]: Privacy (/privacy) has zero WCAG AA violations (822ms)
  ✓  465 [chromium] › tests/gates/gate-9-responsive.spec.ts:63:5 › G9 Responsive: Get Started at mobile_small (320px) — no horizontal overflow (587ms)
  ✓  464 [chromium] › tests/gates/audit-p1s3-sweep.spec.ts:103:5 › P1S3 axe [dark]: Glossary index (/glossary/) @audit (856ms)
  ✓  467 [chromium] › tests/gates/gate-9-responsive.spec.ts:63:5 › G9 Responsive: Use Cases index at mobile_small (320px) — no horizontal overflow (566ms)
  ✓  466 [chromium] › tests/gates/gate-4-a11y.spec.ts:96:5 › G4 A11y [dark]: Accessibility statement (/accessibility) has zero WCAG AA violations (836ms)
  ✓  469 [chromium] › tests/gates/gate-9-responsive.spec.ts:63:5 › G9 Responsive: Reference index at mobile_small (320px) — no horizontal overflow (609ms)
  ✓  468 [chromium] › tests/gates/audit-p1s3-sweep.spec.ts:103:5 › P1S3 axe [dark]: Glossary: conformance-level (/glossary/glossary-conformance-level/) @audit (1.1s)
  ✓  471 [chromium] › tests/gates/gate-9-responsive.spec.ts:63:5 › G9 Responsive: Learn hub at mobile_small (320px) — no horizontal overflow (846ms)
  ✓  470 [chromium] › tests/gates/gate-4-a11y.spec.ts:96:5 › G4 A11y [dark]: Use-cases index (/use-cases) has zero WCAG AA violations (1.9s)
  ✓  472 [chromium] › tests/gates/audit-p1s3-sweep.spec.ts:103:5 › P1S3 axe [dark]: Use-cases index (/use-cases/) @audit (1.6s)
  ✓  473 [chromium] › tests/gates/gate-9-responsive.spec.ts:63:5 › G9 Responsive: Patterns index at mobile_small (320px) — no horizontal overflow (1.1s)
  ✓  462 [chromium] › tests/gates/gate-7-interaction.spec.ts:149:1 › G7 Interaction: ≥ 8 tutorial pages have a "Try in Claude Code" CTA (4.4s)
  ✓  474 [chromium] › tests/gates/gate-4-a11y.spec.ts:96:5 › G4 A11y [dark]: Guides index (/how) has zero WCAG AA violations (1.1s)
  ✓  475 [chromium] › tests/gates/audit-p1s3-sweep.spec.ts:103:5 › P1S3 axe [dark]: Use-case: solo-developer (/use-cases/solo-developer/) @audit (886ms)
  ✓  476 [chromium] › tests/gates/gate-9-responsive.spec.ts:63:5 › G9 Responsive: Community index at mobile_small (320px) — no horizontal overflow (583ms)
  ✓  479 [chromium] › tests/gates/gate-9-responsive.spec.ts:63:5 › G9 Responsive: State of the network at mobile_small (320px) — no horizontal overflow (602ms)
  ✓  477 [chromium] › tests/gates/gate-4-a11y.spec.ts:96:5 › G4 A11y [dark]: Glossary index (/glossary) has zero WCAG AA violations (1.1s)
  ✓  480 [chromium] › tests/gates/gate-9-responsive.spec.ts:63:5 › G9 Responsive: Canonical properties at mobile_small (320px) — no horizontal overflow (594ms)
  ✓  478 [chromium] › tests/gates/audit-p1s3-sweep.spec.ts:103:5 › P1S3 axe [dark]: Changelog (/changelog/) @audit (1.5s)
  ✓  482 [chromium] › tests/gates/gate-9-responsive.spec.ts:63:5 › G9 Responsive: Accessibility statement at mobile_small (320px) — no horizontal overflow (651ms)
  ✓  484 [chromium] › tests/gates/gate-9-responsive.spec.ts:63:5 › G9 Responsive: Homepage at mobile_standard (375px) — no horizontal overflow (647ms)
  ✓  481 [chromium] › tests/gates/gate-4-a11y.spec.ts:96:5 › G4 A11y [dark]: About (/about) has zero WCAG AA violations (1.6s)
  ✓  483 [chromium] › tests/gates/audit-p1s3-sweep.spec.ts:103:5 › P1S3 axe [dark]: Community index (/community/) @audit (1.7s)
  ✓  485 [chromium] › tests/gates/gate-9-responsive.spec.ts:63:5 › G9 Responsive: Concept page at mobile_standard (375px) — no horizontal overflow (982ms)
  ✓  486 [chromium] › tests/gates/gate-4-a11y.spec.ts:96:5 › G4 A11y [dark]: State of the network (/state-of-the-network) has zero WCAG AA violations (1.5s)
  ✓  488 [chromium] › tests/gates/gate-9-responsive.spec.ts:63:5 › G9 Responsive: Tutorial page at mobile_standard (375px) — no horizontal overflow (691ms)
  ✓  487 [chromium] › tests/gates/audit-p1s3-sweep.spec.ts:103:5 › P1S3 axe [dark]: Community: roles (/community/community-roles/) @audit (1.1s)
  ✓  490 [chromium] › tests/gates/gate-9-responsive.spec.ts:63:5 › G9 Responsive: Glossary page at mobile_standard (375px) — no horizontal overflow (577ms)
  ✓  489 [chromium] › tests/gates/gate-4-a11y.spec.ts:96:5 › G4 A11y [dark]: Canonical properties (/canonical-properties) has zero WCAG AA violations (968ms)
  ✓  491 [chromium] › tests/gates/audit-p1s3-sweep.spec.ts:103:5 › P1S3 axe [dark]: Use-case: educator (/use-cases/educator/) @audit (978ms)
  ✓  492 [chromium] › tests/gates/gate-9-responsive.spec.ts:63:5 › G9 Responsive: Network page at mobile_standard (375px) — no horizontal overflow (567ms)
  ✓  495 [chromium] › tests/gates/gate-9-responsive.spec.ts:63:5 › G9 Responsive: Graph page at mobile_standard (375px) — no horizontal overflow (604ms)
  ✓  493 [chromium] › tests/gates/gate-4-a11y.spec.ts:96:5 › G4 A11y [dark]: Proposal archive (/community/proposals/) has zero WCAG AA violations (1.3s)
  ✓  494 [chromium] › tests/gates/audit-p1s3-sweep.spec.ts:103:5 › P1S3 axe [dark]: Use-case: research-lab (/use-cases/research-lab/) @audit (1.3s)
  ✓  496 [chromium] › tests/gates/gate-9-responsive.spec.ts:63:5 › G9 Responsive: Vault detail at mobile_standard (375px) — no horizontal overflow (664ms)
  ✓  499 [chromium] › tests/gates/gate-9-responsive.spec.ts:63:5 › G9 Responsive: Commons page at mobile_standard (375px) — no horizontal overflow (786ms)
  ✓  498 [chromium] › tests/gates/audit-p1s3-sweep.spec.ts:103:5 › P1S3 axe [dark]: Use-case: enterprise-team (/use-cases/enterprise-team/) @audit (1.8s)
  ✓  500 [chromium] › tests/gates/gate-9-responsive.spec.ts:63:5 › G9 Responsive: Vaults index at mobile_standard (375px) — no horizontal overflow (838ms)
  ✓  497 [chromium] › tests/gates/gate-4-a11y.spec.ts:96:5 › G4 A11y [dark]: Proposal (constitution) (/community/proposals/aep-1/) has zero WCAG AA violations (2.3s)
  ✓  502 [chromium] › tests/gates/gate-9-responsive.spec.ts:63:5 › G9 Responsive: Get Started at mobile_standard (375px) — no horizontal overflow (946ms)
  ✓  501 [chromium] › tests/gates/audit-p1s3-sweep.spec.ts:103:5 › P1S3 axe [dark]: Use-case: startup (/use-cases/startup/) @audit (1.2s)
  ✓  503 [chromium] › tests/gates/gate-4-a11y.spec.ts:96:5 › G4 A11y [dark]: Proposal (draft) (/community/proposals/aep-2/) has zero WCAG AA violations (948ms)
  ✓  504 [chromium] › tests/gates/gate-9-responsive.spec.ts:63:5 › G9 Responsive: Use Cases index at mobile_standard (375px) — no horizontal overflow (570ms)
  ✓  507 [chromium] › tests/gates/gate-9-responsive.spec.ts:63:5 › G9 Responsive: Reference index at mobile_standard (375px) — no horizontal overflow (590ms)
  ✓  505 [chromium] › tests/gates/audit-p1s3-sweep.spec.ts:103:5 › P1S3 axe [dark]: Provenance & audit (/provenance-audit/) @audit (1.5s)
  ✓  506 [chromium] › tests/gates/gate-4-a11y.spec.ts:96:5 › G4 A11y [light]: Homepage (/) has zero WCAG AA violations (1.4s)
  ✓  508 [chromium] › tests/gates/gate-9-responsive.spec.ts:63:5 › G9 Responsive: Learn hub at mobile_standard (375px) — no horizontal overflow (774ms)
  ✓  511 [chromium] › tests/gates/gate-9-responsive.spec.ts:63:5 › G9 Responsive: Patterns index at mobile_standard (375px) — no horizontal overflow (796ms)
  ✓  509 [chromium] › tests/gates/audit-p1s3-sweep.spec.ts:103:5 › P1S3 axe [dark]: Security page (/security/) @audit (1.5s)
  ✓  512 [chromium] › tests/gates/gate-9-responsive.spec.ts:63:5 › G9 Responsive: Community index at mobile_standard (375px) — no horizontal overflow (1.4s)
  ✓  510 [chromium] › tests/gates/gate-4-a11y.spec.ts:96:5 › G4 A11y [light]: Concept page (/learn/concepts/triad) has zero WCAG AA violations (2.6s)
  ✓  513 [chromium] › tests/gates/audit-p1s3-sweep.spec.ts:103:5 › P1S3 axe [dark]: Tour hub (/get-started/what-your-agent-reads/) @audit (1.5s)
  ✓  291 [chromium] › tests/gates/gate-42-console-clean.spec.ts:130:5 › gate-42 — zero console error › G42b: no console error or uncaught exception in dark mode (38.7s)
  ✓  514 [chromium] › tests/gates/gate-9-responsive.spec.ts:63:5 › G9 Responsive: State of the network at mobile_standard (375px) — no horizontal overflow (837ms)
  ✓  516 [chromium] › tests/gates/audit-p1s3-sweep.spec.ts:103:5 › P1S3 axe [dark]: Tour: workspace router (/get-started/what-your-agent-reads/workspace-router/) @audit (848ms)
  ✓  518 [chromium] › tests/gates/gate-9-responsive.spec.ts:63:5 › G9 Responsive: Canonical properties at mobile_standard (375px) — no horizontal overflow (570ms)
  ✓  515 [chromium] › tests/gates/gate-4-a11y.spec.ts:96:5 › G4 A11y [light]: Tutorial page (/learn/tutorials/first-claude-md) has zero WCAG AA violations (1.1s)
  ✓  520 [chromium] › tests/gates/gate-9-responsive.spec.ts:63:5 › G9 Responsive: Accessibility statement at mobile_standard (375px) — no horizontal overflow (584ms)
  ✓  519 [chromium] › tests/gates/audit-p1s3-sweep.spec.ts:103:5 › P1S3 axe [dark]: Vault detail: III.aDNA (/vaults/iii/) @audit (826ms)
  ✓  521 [chromium] › tests/gates/gate-4-a11y.spec.ts:96:5 › G4 A11y [light]: Course index (/learn/course/) has zero WCAG AA violations (882ms)
  ✓  522 [chromium] › tests/gates/gate-9-responsive.spec.ts:63:5 › G9 Responsive: Homepage at tablet (768px) — no horizontal overflow (565ms)
  ✓  525 [chromium] › tests/gates/gate-9-responsive.spec.ts:63:5 › G9 Responsive: Concept page at tablet (768px) — no horizontal overflow (736ms)
  ✓  523 [chromium] › tests/gates/audit-p1s3-sweep.spec.ts:103:5 › P1S3 axe [dark]: Vault detail: adnalabs (slug form) (/vaults/adnalabs/) @audit (1.3s)
  ✓  526 [chromium] › tests/gates/gate-9-responsive.spec.ts:63:5 › G9 Responsive: Tutorial page at tablet (768px) — no horizontal overflow (759ms)
  ✓  524 [chromium] › tests/gates/gate-4-a11y.spec.ts:96:5 › G4 A11y [light]: Course lesson (interactive checks) (/learn/course/what-is-an-adna-graph/) has zero WCAG AA violations (2.2s)
  ✓  528 [chromium] › tests/gates/gate-9-responsive.spec.ts:63:5 › G9 Responsive: Glossary page at tablet (768px) — no horizontal overflow (896ms)
  ✓  527 [chromium] › tests/gates/audit-p1s3-sweep.spec.ts:103:5 › P1S3 axe [light]: Learn hub (/learn/) @audit (1.8s)
  ✓  529 [chromium] › tests/gates/gate-4-a11y.spec.ts:96:5 › G4 A11y [light]: Pattern page (/patterns/agents-md) has zero WCAG AA violations (1.1s)
  ✓  530 [chromium] › tests/gates/gate-9-responsive.spec.ts:63:5 › G9 Responsive: Network page at tablet (768px) — no horizontal overflow (800ms)
  ✓  531 [chromium] › tests/gates/audit-p1s3-sweep.spec.ts:103:5 › P1S3 axe [light]: What is aDNA (/learn/what-is-adna/) @audit (958ms)
  ✓  533 [chromium] › tests/gates/gate-9-responsive.spec.ts:63:5 › G9 Responsive: Graph page at tablet (768px) — no horizontal overflow (589ms)
  ✓  532 [chromium] › tests/gates/gate-4-a11y.spec.ts:96:5 › G4 A11y [light]: 404 page (/404.html) has zero WCAG AA violations (804ms)
  ✓  535 [chromium] › tests/gates/gate-9-responsive.spec.ts:63:5 › G9 Responsive: Vault detail at tablet (768px) — no horizontal overflow (561ms)
  ✓  534 [chromium] › tests/gates/audit-p1s3-sweep.spec.ts:103:5 › P1S3 axe [light]: Concepts index (/learn/concepts/) @audit (818ms)
  ✓  537 [chromium] › tests/gates/gate-9-responsive.spec.ts:63:5 › G9 Responsive: Commons page at tablet (768px) — no horizontal overflow (615ms)
  ✓  536 [chromium] › tests/gates/gate-4-a11y.spec.ts:96:5 › G4 A11y [light]: Network graph (/vaults/graph/) has zero WCAG AA violations (1.3s)
  ✓  539 [chromium] › tests/gates/gate-9-responsive.spec.ts:63:5 › G9 Responsive: Vaults index at tablet (768px) — no horizontal overflow (679ms)
  ✓  538 [chromium] › tests/gates/audit-p1s3-sweep.spec.ts:103:5 › P1S3 axe [light]: Concept: convergence (/learn/concepts/convergence/) @audit (1.5s)
  ✓  541 [chromium] › tests/gates/gate-9-responsive.spec.ts:63:5 › G9 Responsive: Get Started at tablet (768px) — no horizontal overflow (707ms)
  ✓  540 [chromium] › tests/gates/gate-4-a11y.spec.ts:96:5 › G4 A11y [light]: Vault detail (with relationships) (/vaults/harness/) has zero WCAG AA violations (1.7s)
  ✓  543 [chromium] › tests/gates/gate-9-responsive.spec.ts:63:5 › G9 Responsive: Use Cases index at tablet (768px) — no horizontal overflow (881ms)
  ✓  542 [chromium] › tests/gates/audit-p1s3-sweep.spec.ts:103:5 › P1S3 axe [light]: Concept: knowledge-graph (/learn/concepts/knowledge-graph/) @audit (1.9s)
  ✓  544 [chromium] › tests/gates/gate-4-a11y.spec.ts:96:5 › G4 A11y [light]: Network page (/network) has zero WCAG AA violations (1.1s)
  ✓  545 [chromium] › tests/gates/gate-9-responsive.spec.ts:63:5 › G9 Responsive: Reference index at tablet (768px) — no horizontal overflow (771ms)
  ✓  548 [chromium] › tests/gates/gate-9-responsive.spec.ts:63:5 › G9 Responsive: Learn hub at tablet (768px) — no horizontal overflow (560ms)
  ✓  546 [chromium] › tests/gates/audit-p1s3-sweep.spec.ts:103:5 › P1S3 axe [light]: Tutorials index (/learn/tutorials/) @audit (815ms)
  ✓  547 [chromium] › tests/gates/gate-4-a11y.spec.ts:96:5 › G4 A11y [light]: Commons page (/commons) has zero WCAG AA violations (953ms)
  ✓  549 [chromium] › tests/gates/gate-9-responsive.spec.ts:63:5 › G9 Responsive: Patterns index at tablet (768px) — no horizontal overflow (555ms)
  ✓  550 [chromium] › tests/gates/audit-p1s3-sweep.spec.ts:103:5 › P1S3 axe [light]: Tutorial: navigate-a-vault (/learn/tutorials/navigate-a-vault/) @audit (927ms)
  ✓  552 [chromium] › tests/gates/gate-9-responsive.spec.ts:63:5 › G9 Responsive: Community index at tablet (768px) — no horizontal overflow (579ms)
  ✓  554 [chromium] › tests/gates/gate-9-responsive.spec.ts:63:5 › G9 Responsive: State of the network at tablet (768px) — no horizontal overflow (611ms)
  ✓  553 [chromium] › tests/gates/audit-p1s3-sweep.spec.ts:103:5 › P1S3 axe [light]: Comparisons index (/learn/comparisons/) @audit (1.1s)
  ✓  551 [chromium] › tests/gates/gate-4-a11y.spec.ts:96:5 › G4 A11y [light]: Vaults index (/vaults) has zero WCAG AA violations (2.0s)
  ✓  555 [chromium] › tests/gates/gate-9-responsive.spec.ts:63:5 › G9 Responsive: Canonical properties at tablet (768px) — no horizontal overflow (679ms)
  ✓  558 [chromium] › tests/gates/gate-9-responsive.spec.ts:63:5 › G9 Responsive: Accessibility statement at tablet (768px) — no horizontal overflow (807ms)
  ✓  556 [chromium] › tests/gates/audit-p1s3-sweep.spec.ts:103:5 › P1S3 axe [light]: Comparison: adna-vs-notion (/learn/comparisons/adna-vs-notion/) @audit (1.7s)
  ✓  559 [chromium] › tests/gates/gate-9-responsive.spec.ts:63:5 › G9 Responsive: Homepage at tablet_wide (900px) — no horizontal overflow (830ms)
  ✓  557 [chromium] › tests/gates/gate-4-a11y.spec.ts:96:5 › G4 A11y [light]: Get Started (/get-started) has zero WCAG AA violations (1.8s)
  ✓  561 [chromium] › tests/gates/gate-9-responsive.spec.ts:63:5 › G9 Responsive: Concept page at tablet_wide (900px) — no horizontal overflow (651ms)
  ✓  560 [chromium] › tests/gates/audit-p1s3-sweep.spec.ts:103:5 › P1S3 axe [light]: How hub (/how/) @audit (961ms)
  ✓  562 [chromium] › tests/gates/gate-4-a11y.spec.ts:96:5 › G4 A11y [light]: Specification (/reference/specification) has zero WCAG AA violations (974ms)
  ✓  563 [chromium] › tests/gates/gate-9-responsive.spec.ts:63:5 › G9 Responsive: Tutorial page at tablet_wide (900px) — no horizontal overflow (580ms)
  ✓  564 [chromium] › tests/gates/audit-p1s3-sweep.spec.ts:103:5 › P1S3 axe [light]: Publishing index (/how/publishing/) @audit (797ms)
  ✓  566 [chromium] › tests/gates/gate-9-responsive.spec.ts:63:5 › G9 Responsive: Glossary page at tablet_wide (900px) — no horizontal overflow (563ms)
  ✓  565 [chromium] › tests/gates/gate-4-a11y.spec.ts:96:5 › G4 A11y [light]: Design system (/design-system) has zero WCAG AA violations (1.3s)
  ✓  568 [chromium] › tests/gates/gate-9-responsive.spec.ts:63:5 › G9 Responsive: Network page at tablet_wide (900px) — no horizontal overflow (604ms)
  ✓  567 [chromium] › tests/gates/audit-p1s3-sweep.spec.ts:103:5 › P1S3 axe [light]: Publishing: vault-to-site (/how/publishing/vault-to-site/) @audit (1.2s)
  ✓  570 [chromium] › tests/gates/gate-9-responsive.spec.ts:63:5 › G9 Responsive: Graph page at tablet_wide (900px) — no horizontal overflow (672ms)
  ✓  569 [chromium] › tests/gates/gate-4-a11y.spec.ts:96:5 › G4 A11y [light]: Privacy (/privacy) has zero WCAG AA violations (1.2s)
  ✓  572 [chromium] › tests/gates/gate-9-responsive.spec.ts:63:5 › G9 Responsive: Vault detail at tablet_wide (900px) — no horizontal overflow (721ms)
  ✓  571 [chromium] › tests/gates/audit-p1s3-sweep.spec.ts:103:5 › P1S3 axe [light]: Lattice-examples index (/how/lattice-examples/) @audit (1.4s)
  ✓  574 [chromium] › tests/gates/gate-9-responsive.spec.ts:63:5 › G9 Responsive: Commons page at tablet_wide (900px) — no horizontal overflow (771ms)
  ✓  573 [chromium] › tests/gates/gate-4-a11y.spec.ts:96:5 › G4 A11y [light]: Accessibility statement (/accessibility) has zero WCAG AA violations (1.4s)
  ✓  575 [chromium] › tests/gates/audit-p1s3-sweep.spec.ts:103:5 › P1S3 axe [light]: Lattice example: context-serving (/how/lattice-examples/lattice-context-serving/) @audit (1.2s)
  ✓  576 [chromium] › tests/gates/gate-9-responsive.spec.ts:63:5 › G9 Responsive: Vaults index at tablet_wide (900px) — no horizontal overflow (737ms)
  ✓  577 [chromium] › tests/gates/gate-4-a11y.spec.ts:96:5 › G4 A11y [light]: Use-cases index (/use-cases) has zero WCAG AA violations (885ms)
  ✓  579 [chromium] › tests/gates/gate-9-responsive.spec.ts:63:5 › G9 Responsive: Get Started at tablet_wide (900px) — no horizontal overflow (586ms)
  ✓  578 [chromium] › tests/gates/audit-p1s3-sweep.spec.ts:103:5 › P1S3 axe [light]: Workshops index (/how/workshops/) @audit (801ms)
  ✓  581 [chromium] › tests/gates/gate-9-responsive.spec.ts:63:5 › G9 Responsive: Use Cases index at tablet_wide (900px) — no horizontal overflow (583ms)
  ✓  580 [chromium] › tests/gates/gate-4-a11y.spec.ts:96:5 › G4 A11y [light]: Guides index (/how) has zero WCAG AA violations (888ms)
  ✓  582 [chromium] › tests/gates/audit-p1s3-sweep.spec.ts:103:5 › P1S3 axe [light]: Workshop: build-your-first-vault (/how/workshops/build-your-first-vault/) @audit (927ms)
  ✓  583 [chromium] › tests/gates/gate-9-responsive.spec.ts:63:5 › G9 Responsive: Reference index at tablet_wide (900px) — no horizontal overflow (589ms)
  ✓  584 [chromium] › tests/gates/gate-4-a11y.spec.ts:96:5 › G4 A11y [light]: Glossary index (/glossary) has zero WCAG AA violations (914ms)
  ✓  586 [chromium] › tests/gates/gate-9-responsive.spec.ts:63:5 › G9 Responsive: Learn hub at tablet_wide (900px) — no horizontal overflow (554ms)
  ✓  585 [chromium] › tests/gates/audit-p1s3-sweep.spec.ts:103:5 › P1S3 axe [light]: Reference index (/reference/) @audit (830ms)
  ✓  588 [chromium] › tests/gates/gate-9-responsive.spec.ts:63:5 › G9 Responsive: Patterns index at tablet_wide (900px) — no horizontal overflow (555ms)
  ✓  590 [chromium] › tests/gates/gate-9-responsive.spec.ts:63:5 › G9 Responsive: Community index at tablet_wide (900px) — no horizontal overflow (774ms)
  ✓  587 [chromium] › tests/gates/gate-4-a11y.spec.ts:96:5 › G4 A11y [light]: About (/about) has zero WCAG AA violations (1.5s)
  ✓  591 [chromium] › tests/gates/gate-9-responsive.spec.ts:63:5 › G9 Responsive: State of the network at tablet_wide (900px) — no horizontal overflow (749ms)
  ✓  589 [chromium] › tests/gates/audit-p1s3-sweep.spec.ts:103:5 › P1S3 axe [light]: Reference: migration-guide (/reference/migration-guide/) @audit (2.2s)
  ✓  593 [chromium] › tests/gates/gate-9-responsive.spec.ts:63:5 › G9 Responsive: Canonical properties at tablet_wide (900px) — no horizontal overflow (673ms)
  ✓  592 [chromium] › tests/gates/gate-4-a11y.spec.ts:96:5 › G4 A11y [light]: State of the network (/state-of-the-network) has zero WCAG AA violations (1.3s)
  ✓  594 [chromium] › tests/gates/audit-p1s3-sweep.spec.ts:103:5 › P1S3 axe [light]: Reference: tool-setup (/reference/tool-setup/) @audit (970ms)
  ✓  595 [chromium] › tests/gates/gate-9-responsive.spec.ts:63:5 › G9 Responsive: Accessibility statement at tablet_wide (900px) — no horizontal overflow (599ms)
  ✓  596 [chromium] › tests/gates/gate-4-a11y.spec.ts:96:5 › G4 A11y [light]: Canonical properties (/canonical-properties) has zero WCAG AA violations (960ms)
  ✓  598 [chromium] › tests/gates/gate-9-responsive.spec.ts:63:5 › G9 Responsive: Homepage at desktop_small (1024px) — no horizontal overflow (574ms)
  ✓  597 [chromium] › tests/gates/audit-p1s3-sweep.spec.ts:103:5 › P1S3 axe [light]: Patterns index (/patterns/) @audit (826ms)
  ✓  600 [chromium] › tests/gates/gate-9-responsive.spec.ts:63:5 › G9 Responsive: Concept page at desktop_small (1024px) — no horizontal overflow (616ms)
  ✓  599 [chromium] › tests/gates/gate-4-a11y.spec.ts:96:5 › G4 A11y [light]: Proposal archive (/community/proposals/) has zero WCAG AA violations (919ms)
  ✓  601 [chromium] › tests/gates/audit-p1s3-sweep.spec.ts:103:5 › P1S3 axe [light]: Pattern: mission-decomposition (/patterns/mission-decomposition/) @audit (924ms)
  ✓  602 [chromium] › tests/gates/gate-9-responsive.spec.ts:63:5 › G9 Responsive: Tutorial page at desktop_small (1024px) — no horizontal overflow (568ms)
  ✓  605 [chromium] › tests/gates/gate-9-responsive.spec.ts:63:5 › G9 Responsive: Glossary page at desktop_small (1024px) — no horizontal overflow (584ms)
  ✓  603 [chromium] › tests/gates/gate-4-a11y.spec.ts:96:5 › G4 A11y [light]: Proposal (constitution) (/community/proposals/aep-1/) has zero WCAG AA violations (1.4s)
  ✓  604 [chromium] › tests/gates/audit-p1s3-sweep.spec.ts:103:5 › P1S3 axe [light]: Glossary index (/glossary/) @audit (1.2s)
  ✓  606 [chromium] › tests/gates/gate-9-responsive.spec.ts:63:5 › G9 Responsive: Network page at desktop_small (1024px) — no horizontal overflow (740ms)
  ✓  609 [chromium] › tests/gates/gate-9-responsive.spec.ts:63:5 › G9 Responsive: Graph page at desktop_small (1024px) — no horizontal overflow (579ms)
  ✓  607 [chromium] › tests/gates/gate-4-a11y.spec.ts:96:5 › G4 A11y [light]: Proposal (draft) (/community/proposals/aep-2/) has zero WCAG AA violations (1.0s)
  ✓  608 [chromium] › tests/gates/audit-p1s3-sweep.spec.ts:103:5 › P1S3 axe [light]: Glossary: conformance-level (/glossary/glossary-conformance-level/) @audit (845ms)
  ✓  610 [chromium] › tests/gates/gate-9-responsive.spec.ts:63:5 › G9 Responsive: Vault detail at desktop_small (1024px) — no horizontal overflow (566ms)
  ✓  611 [chromium] › tests/gates/audit-p1s3-sweep.spec.ts:103:5 › P1S3 axe [light]: Use-cases index (/use-cases/) @audit (816ms)
  ✓  612 [chromium] › tests/gates/gate-9-responsive.spec.ts:63:5 › G9 Responsive: Commons page at desktop_small (1024px) — no horizontal overflow (575ms)
  ✓  614 [chromium] › tests/gates/gate-9-responsive.spec.ts:63:5 › G9 Responsive: Vaults index at desktop_small (1024px) — no horizontal overflow (600ms)
  ✓  613 [chromium] › tests/gates/audit-p1s3-sweep.spec.ts:103:5 › P1S3 axe [light]: Use-case: solo-developer (/use-cases/solo-developer/) @audit (1.2s)
  ✓  615 [chromium] › tests/gates/gate-9-responsive.spec.ts:63:5 › G9 Responsive: Get Started at desktop_small (1024px) — no horizontal overflow (717ms)
  ✓  617 [chromium] › tests/gates/gate-9-responsive.spec.ts:63:5 › G9 Responsive: Use Cases index at desktop_small (1024px) — no horizontal overflow (596ms)
  ✓  618 [chromium] › tests/gates/gate-9-responsive.spec.ts:63:5 › G9 Responsive: Reference index at desktop_small (1024px) — no horizontal overflow (647ms)
  ✓  616 [chromium] › tests/gates/audit-p1s3-sweep.spec.ts:103:5 › P1S3 axe [light]: Changelog (/changelog/) @audit (2.0s)
  ✓  619 [chromium] › tests/gates/gate-9-responsive.spec.ts:63:5 › G9 Responsive: Learn hub at desktop_small (1024px) — no horizontal overflow (724ms)
  ✓  621 [chromium] › tests/gates/gate-9-responsive.spec.ts:63:5 › G9 Responsive: Patterns index at desktop_small (1024px) — no horizontal overflow (686ms)
  ✓  620 [chromium] › tests/gates/audit-p1s3-sweep.spec.ts:103:5 › P1S3 axe [light]: Community index (/community/) @audit (1.2s)
  ✓  622 [chromium] › tests/gates/gate-9-responsive.spec.ts:63:5 › G9 Responsive: Community index at desktop_small (1024px) — no horizontal overflow (598ms)
  ✓  517 [chromium] › tests/gates/gate-42-console-clean.spec.ts:130:5 › gate-42 — zero console error › G42b: no console error or uncaught exception in light mode (35.5s)
  ✓  625 [chromium] › tests/gates/gate-42-console-clean.spec.ts:296:3 › gate-42 — zero console error › G42e: no font ships as a data: URI — the production CSP would refuse it (1ms)
  ✓  623 [chromium] › tests/gates/audit-p1s3-sweep.spec.ts:103:5 › P1S3 axe [light]: Community: roles (/community/community-roles/) @audit (919ms)
  ✓  624 [chromium] › tests/gates/gate-9-responsive.spec.ts:63:5 › G9 Responsive: State of the network at desktop_small (1024px) — no horizontal overflow (582ms)
  ✓  627 [chromium] › tests/gates/gate-9-responsive.spec.ts:63:5 › G9 Responsive: Canonical properties at desktop_small (1024px) — no horizontal overflow (561ms)
  ✓  626 [chromium] › tests/gates/audit-p1s3-sweep.spec.ts:103:5 › P1S3 axe [light]: Use-case: educator (/use-cases/educator/) @audit (883ms)
  ✓  628 [chromium] › tests/gates/gate-9-responsive.spec.ts:63:5 › G9 Responsive: Accessibility statement at desktop_small (1024px) — no horizontal overflow (568ms)
  ✓  630 [chromium] › tests/gates/gate-9-responsive.spec.ts:63:5 › G9 Responsive: Homepage at desktop_large (1440px) — no horizontal overflow (610ms)
  ✓  629 [chromium] › tests/gates/audit-p1s3-sweep.spec.ts:103:5 › P1S3 axe [light]: Use-case: research-lab (/use-cases/research-lab/) @audit (1.3s)
  ✓  631 [chromium] › tests/gates/gate-9-responsive.spec.ts:63:5 › G9 Responsive: Concept page at desktop_large (1440px) — no horizontal overflow (805ms)
  ✓  632 [chromium] › tests/gates/audit-p1s3-sweep.spec.ts:103:5 › P1S3 axe [light]: Use-case: enterprise-team (/use-cases/enterprise-team/) @audit (1.0s)
  ✓  633 [chromium] › tests/gates/gate-9-responsive.spec.ts:63:5 › G9 Responsive: Tutorial page at desktop_large (1440px) — no horizontal overflow (583ms)
  ✓  635 [chromium] › tests/gates/gate-9-responsive.spec.ts:63:5 › G9 Responsive: Glossary page at desktop_large (1440px) — no horizontal overflow (586ms)
  ✓  634 [chromium] › tests/gates/audit-p1s3-sweep.spec.ts:103:5 › P1S3 axe [light]: Use-case: startup (/use-cases/startup/) @audit (887ms)
  ✓  636 [chromium] › tests/gates/gate-9-responsive.spec.ts:63:5 › G9 Responsive: Network page at desktop_large (1440px) — no horizontal overflow (568ms)
  ✓  638 [chromium] › tests/gates/gate-9-responsive.spec.ts:63:5 › G9 Responsive: Graph page at desktop_large (1440px) — no horizontal overflow (566ms)
  ✓  637 [chromium] › tests/gates/audit-p1s3-sweep.spec.ts:103:5 › P1S3 axe [light]: Provenance & audit (/provenance-audit/) @audit (907ms)
  ✓  639 [chromium] › tests/gates/gate-9-responsive.spec.ts:63:5 › G9 Responsive: Vault detail at desktop_large (1440px) — no horizontal overflow (590ms)
  ✓  640 [chromium] › tests/gates/audit-p1s3-sweep.spec.ts:103:5 › P1S3 axe [light]: Security page (/security/) @audit (867ms)
  ✓  641 [chromium] › tests/gates/gate-9-responsive.spec.ts:63:5 › G9 Responsive: Commons page at desktop_large (1440px) — no horizontal overflow (595ms)
  ✓  643 [chromium] › tests/gates/gate-9-responsive.spec.ts:63:5 › G9 Responsive: Vaults index at desktop_large (1440px) — no horizontal overflow (717ms)
  ✓  642 [chromium] › tests/gates/audit-p1s3-sweep.spec.ts:103:5 › P1S3 axe [light]: Tour hub (/get-started/what-your-agent-reads/) @audit (1.5s)
  ✓  644 [chromium] › tests/gates/gate-9-responsive.spec.ts:63:5 › G9 Responsive: Get Started at desktop_large (1440px) — no horizontal overflow (750ms)
  ✓  645 [chromium] › tests/gates/audit-p1s3-sweep.spec.ts:103:5 › P1S3 axe [light]: Tour: workspace router (/get-started/what-your-agent-reads/workspace-router/) @audit (911ms)
  ✓  646 [chromium] › tests/gates/gate-9-responsive.spec.ts:63:5 › G9 Responsive: Use Cases index at desktop_large (1440px) — no horizontal overflow (641ms)
  ✓  648 [chromium] › tests/gates/gate-9-responsive.spec.ts:63:5 › G9 Responsive: Reference index at desktop_large (1440px) — no horizontal overflow (590ms)
  ✓  647 [chromium] › tests/gates/audit-p1s3-sweep.spec.ts:103:5 › P1S3 axe [light]: Vault detail: III.aDNA (/vaults/iii/) @audit (825ms)
  ✓  649 [chromium] › tests/gates/gate-9-responsive.spec.ts:63:5 › G9 Responsive: Learn hub at desktop_large (1440px) — no horizontal overflow (555ms)
  ✓  650 [chromium] › tests/gates/audit-p1s3-sweep.spec.ts:103:5 › P1S3 axe [light]: Vault detail: adnalabs (slug form) (/vaults/adnalabs/) @audit (792ms)
  ✓  651 [chromium] › tests/gates/gate-9-responsive.spec.ts:63:5 › G9 Responsive: Patterns index at desktop_large (1440px) — no horizontal overflow (557ms)
  ✓  652 [chromium] › tests/gates/audit-p1s3-sweep.spec.ts:125:3 › P1S3 mobile 375px: Learn hub (/learn/) — no horizontal overflow @audit (565ms)
  ✓  653 [chromium] › tests/gates/gate-9-responsive.spec.ts:63:5 › G9 Responsive: Community index at desktop_large (1440px) — no horizontal overflow (598ms)
  ✓  654 [chromium] › tests/gates/audit-p1s3-sweep.spec.ts:125:3 › P1S3 mobile 375px: What is aDNA (/learn/what-is-adna/) — no horizontal overflow @audit (583ms)
  ✓  655 [chromium] › tests/gates/gate-9-responsive.spec.ts:63:5 › G9 Responsive: State of the network at desktop_large (1440px) — no horizontal overflow (599ms)
  ✓  656 [chromium] › tests/gates/audit-p1s3-sweep.spec.ts:125:3 › P1S3 mobile 375px: Concepts index (/learn/concepts/) — no horizontal overflow @audit (561ms)
  ✓  657 [chromium] › tests/gates/gate-9-responsive.spec.ts:63:5 › G9 Responsive: Canonical properties at desktop_large (1440px) — no horizontal overflow (641ms)
  ✓  658 [chromium] › tests/gates/audit-p1s3-sweep.spec.ts:125:3 › P1S3 mobile 375px: Concept: convergence (/learn/concepts/convergence/) — no horizontal overflow @audit (678ms)
  ✓  659 [chromium] › tests/gates/gate-9-responsive.spec.ts:63:5 › G9 Responsive: Accessibility statement at desktop_large (1440px) — no horizontal overflow (664ms)
  ✓  660 [chromium] › tests/gates/audit-p1s3-sweep.spec.ts:125:3 › P1S3 mobile 375px: Concept: knowledge-graph (/learn/concepts/knowledge-graph/) — no horizontal overflow @audit (732ms)
  ✓  661 [chromium] › tests/gates/audit-p1s3-sweep.spec.ts:125:3 › P1S3 mobile 375px: Tutorials index (/learn/tutorials/) — no horizontal overflow @audit (554ms)
  ✓  662 [chromium] › tests/gates/audit-p1s3-sweep.spec.ts:125:3 › P1S3 mobile 375px: Tutorial: navigate-a-vault (/learn/tutorials/navigate-a-vault/) — no horizontal overflow @audit (567ms)
  ✓  663 [chromium] › tests/gates/audit-p1s3-sweep.spec.ts:125:3 › P1S3 mobile 375px: Comparisons index (/learn/comparisons/) — no horizontal overflow @audit (550ms)
  ✓  664 [chromium] › tests/gates/audit-p1s3-sweep.spec.ts:125:3 › P1S3 mobile 375px: Comparison: adna-vs-notion (/learn/comparisons/adna-vs-notion/) — no horizontal overflow @audit (560ms)
  ✓  665 [chromium] › tests/gates/audit-p1s3-sweep.spec.ts:125:3 › P1S3 mobile 375px: How hub (/how/) — no horizontal overflow @audit (585ms)
  ✓  666 [chromium] › tests/gates/audit-p1s3-sweep.spec.ts:125:3 › P1S3 mobile 375px: Publishing index (/how/publishing/) — no horizontal overflow @audit (593ms)
  ✓  667 [chromium] › tests/gates/audit-p1s3-sweep.spec.ts:125:3 › P1S3 mobile 375px: Publishing: vault-to-site (/how/publishing/vault-to-site/) — no horizontal overflow @audit (637ms)
  ✓  668 [chromium] › tests/gates/audit-p1s3-sweep.spec.ts:125:3 › P1S3 mobile 375px: Lattice-examples index (/how/lattice-examples/) — no horizontal overflow @audit (626ms)
  ✓  669 [chromium] › tests/gates/audit-p1s3-sweep.spec.ts:125:3 › P1S3 mobile 375px: Lattice example: context-serving (/how/lattice-examples/lattice-context-serving/) — no horizontal overflow @audit (639ms)
  ✓  670 [chromium] › tests/gates/audit-p1s3-sweep.spec.ts:125:3 › P1S3 mobile 375px: Workshops index (/how/workshops/) — no horizontal overflow @audit (548ms)
  ✓  671 [chromium] › tests/gates/audit-p1s3-sweep.spec.ts:125:3 › P1S3 mobile 375px: Workshop: build-your-first-vault (/how/workshops/build-your-first-vault/) — no horizontal overflow @audit (563ms)
  ✓  672 [chromium] › tests/gates/audit-p1s3-sweep.spec.ts:125:3 › P1S3 mobile 375px: Reference index (/reference/) — no horizontal overflow @audit (559ms)
  ✓  673 [chromium] › tests/gates/audit-p1s3-sweep.spec.ts:125:3 › P1S3 mobile 375px: Reference: migration-guide (/reference/migration-guide/) — no horizontal overflow @audit (592ms)
  ✓  674 [chromium] › tests/gates/audit-p1s3-sweep.spec.ts:125:3 › P1S3 mobile 375px: Reference: tool-setup (/reference/tool-setup/) — no horizontal overflow @audit (582ms)
  ✓  675 [chromium] › tests/gates/audit-p1s3-sweep.spec.ts:125:3 › P1S3 mobile 375px: Patterns index (/patterns/) — no horizontal overflow @audit (567ms)
  ✓  676 [chromium] › tests/gates/audit-p1s3-sweep.spec.ts:125:3 › P1S3 mobile 375px: Pattern: mission-decomposition (/patterns/mission-decomposition/) — no horizontal overflow @audit (598ms)
  ✓  677 [chromium] › tests/gates/audit-p1s3-sweep.spec.ts:125:3 › P1S3 mobile 375px: Glossary index (/glossary/) — no horizontal overflow @audit (614ms)
  ✓  678 [chromium] › tests/gates/audit-p1s3-sweep.spec.ts:125:3 › P1S3 mobile 375px: Glossary: conformance-level (/glossary/glossary-conformance-level/) — no horizontal overflow @audit (563ms)
  ✓  679 [chromium] › tests/gates/audit-p1s3-sweep.spec.ts:125:3 › P1S3 mobile 375px: Use-cases index (/use-cases/) — no horizontal overflow @audit (565ms)
  ✓  680 [chromium] › tests/gates/audit-p1s3-sweep.spec.ts:125:3 › P1S3 mobile 375px: Use-case: solo-developer (/use-cases/solo-developer/) — no horizontal overflow @audit (569ms)
  ✓  681 [chromium] › tests/gates/audit-p1s3-sweep.spec.ts:125:3 › P1S3 mobile 375px: Changelog (/changelog/) — no horizontal overflow @audit (575ms)
  ✓  682 [chromium] › tests/gates/audit-p1s3-sweep.spec.ts:125:3 › P1S3 mobile 375px: Community index (/community/) — no horizontal overflow @audit (629ms)
  ✓  683 [chromium] › tests/gates/audit-p1s3-sweep.spec.ts:125:3 › P1S3 mobile 375px: Community: roles (/community/community-roles/) — no horizontal overflow @audit (562ms)
  ✓  684 [chromium] › tests/gates/audit-p1s3-sweep.spec.ts:125:3 › P1S3 mobile 375px: Use-case: educator (/use-cases/educator/) — no horizontal overflow @audit (568ms)
  ✓  685 [chromium] › tests/gates/audit-p1s3-sweep.spec.ts:125:3 › P1S3 mobile 375px: Use-case: research-lab (/use-cases/research-lab/) — no horizontal overflow @audit (592ms)
  ✓  686 [chromium] › tests/gates/audit-p1s3-sweep.spec.ts:125:3 › P1S3 mobile 375px: Use-case: enterprise-team (/use-cases/enterprise-team/) — no horizontal overflow @audit (630ms)
  ✓  687 [chromium] › tests/gates/audit-p1s3-sweep.spec.ts:125:3 › P1S3 mobile 375px: Use-case: startup (/use-cases/startup/) — no horizontal overflow @audit (609ms)
  ✓  688 [chromium] › tests/gates/audit-p1s3-sweep.spec.ts:125:3 › P1S3 mobile 375px: Provenance & audit (/provenance-audit/) — no horizontal overflow @audit (570ms)
  ✓  689 [chromium] › tests/gates/audit-p1s3-sweep.spec.ts:125:3 › P1S3 mobile 375px: Security page (/security/) — no horizontal overflow @audit (560ms)
  ✓  690 [chromium] › tests/gates/audit-p1s3-sweep.spec.ts:125:3 › P1S3 mobile 375px: Tour hub (/get-started/what-your-agent-reads/) — no horizontal overflow @audit (595ms)
  ✓  691 [chromium] › tests/gates/audit-p1s3-sweep.spec.ts:125:3 › P1S3 mobile 375px: Tour: workspace router (/get-started/what-your-agent-reads/workspace-router/) — no horizontal overflow @audit (581ms)
  ✓  692 [chromium] › tests/gates/audit-p1s3-sweep.spec.ts:125:3 › P1S3 mobile 375px: Vault detail: III.aDNA (/vaults/iii/) — no horizontal overflow @audit (578ms)
  ✓  693 [chromium] › tests/gates/audit-p1s3-sweep.spec.ts:125:3 › P1S3 mobile 375px: Vault detail: adnalabs (slug form) (/vaults/adnalabs/) — no horizontal overflow @audit (642ms)
  ✓  694 [chromium] › tests/gates/audit-p1s3-sweep.spec.ts:137:1 › P1S3 probe: sidebar section-switcher present + scoped at 375px (doc page) @audit (780ms)
  ✓  695 [chromium] › tests/gates/audit-p1s3-sweep.spec.ts:154:1 › P1S3 probe: Mermaid graph keyboard node-twin is focusable + revealed @audit (673ms)
  ✓  696 [chromium] › tests/gates/audit-p1s3-sweep.spec.ts:167:3 › no-JS fallback › P1S3 probe: /vaults/graph degrades honestly without JS @audit (83ms)
  ✓  697 [chromium] › tests/gates/audit-p1s3-sweep.spec.ts:178:1 › P1S3 probe: mobile qual screenshots (vaults catalog / graph / spec) @audit (1.8s)


  1) [chromium] › tests/gates/gate-47-keyboard.spec.ts:203:1 › G47 keyboard: Shift+Tab walks back through the same order (no one-way trap) 

    Error: Shift+Tab did not retrace the forward order.
    forward: a.skip-link#42 → a.logo#45 → a.nav-link#50 → a.nav-link#51 → a.nav-link#52 → a.nav-link#53 → a.nav-link#55 → a.nav-link#56 → a.nav-link#57 → a.btn#59 → a.github-link#60 → button.dark-mode-toggle#63
    reverse: a.github-link#60 → a.btn#59 → a.nav-link#57 → a.nav-link#56 → a.nav-link#55 → a.nav-link#54 → a.nav-link#54 → a.nav-link#53 → a.nav-link#52 → a.logo#47 → a.skip-link#44

    [2mexpect([22m[31mreceived[39m[2m).[22mtoEqual[2m([22m[32mexpected[39m[2m) // deep equality[22m

    [32m- Expected  - 4[39m
    [31m+ Received  + 4[39m

    [33m@@ -2,12 +2,12 @@[39m
    [2m    "a.github-link#60",[22m
    [2m    "a.btn#59",[22m
    [2m    "a.nav-link#57",[22m
    [2m    "a.nav-link#56",[22m
    [2m    "a.nav-link#55",[22m
    [31m+   "a.nav-link#54",[39m
    [31m+   "a.nav-link#54",[39m
    [2m    "a.nav-link#53",[22m
    [2m    "a.nav-link#52",[22m
    [32m-   "a.nav-link#51",[39m
    [32m-   "a.nav-link#50",[39m
    [32m-   "a.logo#45",[39m
    [32m-   "a.skip-link#42",[39m
    [31m+   "a.logo#47",[39m
    [31m+   "a.skip-link#44",[39m
    [2m  ][22m

      230 |     backward,
      231 |     `Shift+Tab did not retrace the forward order.\nforward: ${forward.join(' → ')}\nreverse: ${backward.join(' → ')}`,
    > 232 |   ).toEqual(expected);
          |     ^
      233 | });
      234 |
        at /Users/stanley/.cache/garnier-homepage-20260916/site/tests/gates/gate-47-keyboard.spec.ts:232:5

    Error Context: test-results/gate-47-keyboard-G47-keybo-4905f-same-order-no-one-way-trap--chromium/error-context.md

  1 failed
    [chromium] › tests/gates/gate-47-keyboard.spec.ts:203:1 › G47 keyboard: Shift+Tab walks back through the same order (no one-way trap) 
  3 skipped
  693 passed (2.0m)
