url,http_status,title,meta_description,h1,word_count,template_guess,classification,last_modified,depth_from_home,inbound_link_count,is_orphan,mixed_case_url
https://adna.network/,200,aDNA — the open standard & network for shared context,"The open standard and network to build, share, and govern the context that powers AI — in the open, for the good of all. Built on the Lattice Protocol.",The aDNA Network,1055,home,marketing,"Tue, 11 Aug 2026 13:35:25 GMT",0,201,false,false
https://adna.network/about/,200,Who's behind aDNA,Who,Who's behind aDNA,657,doc-article,marketing,"Thu, 13 Aug 2026 17:42:52 GMT",1,201,false,false
https://adna.network/adopters/,200,Adopter Personas — aDNA,Quick-reference profiles for aDNA,") comes BEFORE the sidebars in DOM so a screen reader / agent reads breadcrumb → h1 → content before the ~100 nav links. The visual column order (sidebar | content | toc) is restored via grid-template-areas below, so there is no visual change. The skip-link (#main-content) now lands on the content, not the sidebar. --> Adopter Personas",396,hub,marketing,"Sun, 16 Aug 2026 17:00:50 GMT",1,201,false,false
https://adna.network/adopters/adopter-educator/,200,Educator — aDNA,"A university professor teaching AI-augmented knowledge work, using aDNA as both syllabus and subject — the structure IS the lesson.",") comes BEFORE the sidebars in DOM so a screen reader / agent reads breadcrumb → h1 → content before the ~100 nav links. The visual column order (sidebar | content | toc) is restored via grid-template-areas below, so there is no visual change. The skip-link (#main-content) now lands on the content, not the sidebar. --> ← Back to adopters WHO › Adopters › Educator Educator",516,persona,marketing,"Tue, 11 Aug 2026 12:26:51 GMT",2,10,false,false
https://adna.network/adopters/adopter-enterprise-team/,200,Enterprise Team — aDNA,A platform engineering team at a financial services company deploying aDNA across three concurrent AI-agent-assisted projects with compliance requirements.,") comes BEFORE the sidebars in DOM so a screen reader / agent reads breadcrumb → h1 → content before the ~100 nav links. The visual column order (sidebar | content | toc) is restored via grid-template-areas below, so there is no visual change. The skip-link (#main-content) now lands on the content, not the sidebar. --> ← Back to adopters WHO › Adopters › Enterprise Team Enterprise Team",485,persona,marketing,"Tue, 11 Aug 2026 06:24:31 GMT",2,11,false,false
https://adna.network/adopters/adopter-researcher/,200,Researcher — aDNA,"A computational biology lab using aDNA to organize protocols, datasets, analysis pipelines, and cross-lab collaboration with FAIR metadata.",") comes BEFORE the sidebars in DOM so a screen reader / agent reads breadcrumb → h1 → content before the ~100 nav links. The visual column order (sidebar | content | toc) is restored via grid-template-areas below, so there is no visual change. The skip-link (#main-content) now lands on the content, not the sidebar. --> ← Back to adopters WHO › Adopters › Researcher Researcher",504,persona,marketing,"Fri, 14 Aug 2026 12:14:48 GMT",2,10,false,false
https://adna.network/adopters/adopter-solo-developer/,200,Solo Developer — aDNA,"A freelance developer juggling 3-4 client projects simultaneously, using aDNA as a personal knowledge backbone for AI agent sessions.",") comes BEFORE the sidebars in DOM so a screen reader / agent reads breadcrumb → h1 → content before the ~100 nav links. The visual column order (sidebar | content | toc) is restored via grid-template-areas below, so there is no visual change. The skip-link (#main-content) now lands on the content, not the sidebar. --> ← Back to adopters WHO › Adopters › Solo Developer Solo Developer",461,persona,marketing,"Fri, 14 Aug 2026 07:21:25 GMT",2,9,false,false
https://adna.network/adopters/adopter-startup/,200,Startup — aDNA,"A CTO of a 12-person AI startup using aDNA to capture institutional knowledge, accelerate onboarding, and make AI agents codebase-aware.",") comes BEFORE the sidebars in DOM so a screen reader / agent reads breadcrumb → h1 → content before the ~100 nav links. The visual column order (sidebar | content | toc) is restored via grid-template-areas below, so there is no visual change. The skip-link (#main-content) now lands on the content, not the sidebar. --> ← Back to adopters WHO › Adopters › Startup Startup",495,persona,marketing,"Sat, 15 Aug 2026 13:00:51 GMT",2,10,false,false
https://adna.network/changelog/,200,Changelog — aDNA,"Version history for the aDNA documentation site — release notes, breaking changes, and improvements by version.",") comes BEFORE the sidebars in DOM so a screen reader / agent reads breadcrumb → h1 → content before the ~100 nav links. The visual column order (sidebar | content | toc) is restored via grid-template-areas below, so there is no visual change. The skip-link (#main-content) now lands on the content, not the sidebar. --> Changelog",134,changelog,meta,"Wed, 12 Aug 2026 01:30:18 GMT",1,201,false,false
https://adna.network/commons/,200,The Public-Good Commons — aDNA,"Mission-aligned subnetworks build, share, and govern shared context in the open. See the public-good work already happening on the aDNA network — and connect to it.","A commons, not a catalog.",884,registry-index,registry,"Tue, 11 Aug 2026 21:04:20 GMT",1,201,false,false
https://adna.network/community/,200,Community — aDNA,"Roles, processes, and contribution paths for the aDNA community.",") comes BEFORE the sidebars in DOM so a screen reader / agent reads breadcrumb → h1 → content before the ~100 nav links. The visual column order (sidebar | content | toc) is restored via grid-template-areas below, so there is no visual change. The skip-link (#main-content) now lands on the content, not the sidebar. --> Community",586,hub,meta,"Wed, 12 Aug 2026 01:05:49 GMT",1,201,false,false
https://adna.network/community/community-context-commons/,200,Context Commons Connection — aDNA,"The shared knowledge pool that emerges when individual aDNA vaults publish their best context files, patterns, and lattices for community reuse.",") comes BEFORE the sidebars in DOM so a screen reader / agent reads breadcrumb → h1 → content before the ~100 nav links. The visual column order (sidebar | content | toc) is restored via grid-template-areas below, so there is no visual change. The skip-link (#main-content) now lands on the content, not the sidebar. --> ← Back to community WHO › Community › Context Commons Connection Context Commons Connection",645,doc-article,governance,"Thu, 13 Aug 2026 18:08:36 GMT",2,9,false,false
https://adna.network/community/community-contribution-standards/,200,Contribution Standards — aDNA,"Naming conventions, quality gates, and submission workflows for contributing to the aDNA standard and community.",") comes BEFORE the sidebars in DOM so a screen reader / agent reads breadcrumb → h1 → content before the ~100 nav links. The visual column order (sidebar | content | toc) is restored via grid-template-areas below, so there is no visual change. The skip-link (#main-content) now lands on the content, not the sidebar. --> ← Back to community WHO › Community › Contribution Standards Contribution Standards",463,doc-article,governance,"Thu, 13 Aug 2026 04:32:02 GMT",2,11,false,false
https://adna.network/community/community-processes/,200,Community Processes — aDNA,Concrete workflows for participating in the aDNA community. Each process maps to a level on the participation ladder.,") comes BEFORE the sidebars in DOM so a screen reader / agent reads breadcrumb → h1 → content before the ~100 nav links. The visual column order (sidebar | content | toc) is restored via grid-template-areas below, so there is no visual change. The skip-link (#main-content) now lands on the content, not the sidebar. --> ← Back to community WHO › Community › Community Processes Community Processes",718,doc-article,governance,"Thu, 13 Aug 2026 19:18:13 GMT",2,9,false,false
https://adna.network/community/community-roles/,200,Community Roles & Progression — aDNA,The aDNA community is organized around a four-level participation ladder. Each level is self-contained — no level requires the next.,") comes BEFORE the sidebars in DOM so a screen reader / agent reads breadcrumb → h1 → content before the ~100 nav links. The visual column order (sidebar | content | toc) is restored via grid-template-areas below, so there is no visual change. The skip-link (#main-content) now lands on the content, not the sidebar. --> ← Back to community WHO › Community › Community Roles & Progression Community Roles & Progression",749,doc-article,governance,"Thu, 13 Aug 2026 13:35:27 GMT",2,118,false,false
https://adna.network/compliance/,200,aDNA Compliance Walkthrough,A procurement-style walkthrough of how how/sessions/ and who/governance/ answer the five questions every compliance reviewer asks about AI-assisted work.,") comes BEFORE the sidebars in DOM so a screen reader / agent reads breadcrumb → h1 → content before the ~100 nav links. The visual column order (sidebar | content | toc) is restored via grid-template-areas below, so there is no visual change. The skip-link (#main-content) now lands on the content, not the sidebar. --> WHO › For you › aDNA Compliance Walkthrough aDNA Compliance Walkthrough",1256,legal,governance,"Wed, 12 Aug 2026 18:25:29 GMT",1,7,false,false
https://adna.network/design-system/,200,Design System — aDNA,"The living design-token reference for adna.network — colour, type, spacing, radius, shadow, and component samples, driven straight from the site",Design system,396,doc-article,reference,"Thu, 13 Aug 2026 00:45:23 GMT",1,201,false,false
https://adna.network/educators/,200,aDNA Teaching Kit,A 3-week curriculum for teaching AI-augmented knowledge work — the 9 core tutorials in pedagogical order with week-by-week guidance for instructors.,") comes BEFORE the sidebars in DOM so a screen reader / agent reads breadcrumb → h1 → content before the ~100 nav links. The visual column order (sidebar | content | toc) is restored via grid-template-areas below, so there is no visual change. The skip-link (#main-content) now lands on the content, not the sidebar. --> WHO › For you › aDNA Teaching Kit aDNA Teaching Kit",671,persona,marketing,"Tue, 11 Aug 2026 21:20:39 GMT",1,7,false,false
https://adna.network/enterprise/,200,aDNA Enterprise Adoption Checklist,"A procurement-ready evaluation guide for enterprise platform teams: compliance posture, session audit trail, federation surface, and integration with existing engineering practice.",") comes BEFORE the sidebars in DOM so a screen reader / agent reads breadcrumb → h1 → content before the ~100 nav links. The visual column order (sidebar | content | toc) is restored via grid-template-areas below, so there is no visual change. The skip-link (#main-content) now lands on the content, not the sidebar. --> WHO › For you › aDNA Enterprise Adoption Checklist aDNA Enterprise Adoption Checklist",1073,persona,marketing,"Tue, 11 Aug 2026 12:58:42 GMT",1,7,false,false
https://adna.network/get-started/,200,Get Started — aDNA,"Set up your own local aDNA workspace in one command: clone the workspace image from GitHub — router pre-instantiated, standard embedded — and let your first agent session scaffold your first project.",") comes BEFORE the sidebars in DOM so a screen reader / agent reads breadcrumb → h1 → content before the ~100 nav links. The visual column order (sidebar | content | toc) is restored via grid-template-areas below, so there is no visual change. The skip-link (#main-content) now lands on the content, not the sidebar. --> Get Started",718,doc-article,how-to,"Tue, 11 Aug 2026 19:50:55 GMT",1,201,false,false
https://adna.network/glossary/,200,aDNA Glossary,Quick-reference definitions for all aDNA terms. Each entry includes plain-language and technical explanations.,") comes BEFORE the sidebars in DOM so a screen reader / agent reads breadcrumb → h1 → content before the ~100 nav links. The visual column order (sidebar | content | toc) is restored via grid-template-areas below, so there is no visual change. The skip-link (#main-content) now lands on the content, not the sidebar. --> aDNA Glossary",1063,registry-index,reference,"Thu, 13 Aug 2026 07:20:46 GMT",1,201,false,false
https://adna.network/glossary/glossary-adna/,200,aDNA,"aDNA (Agentic DNA) is a way of organizing project knowledge so that AI agents — and humans — can find what they need, do their work, and hand off to eac...",") comes BEFORE the sidebars in DOM so a screen reader / agent reads breadcrumb → h1 → content before the ~100 nav links. The visual column order (sidebar | content | toc) is restored via grid-template-areas below, so there is no visual change. The skip-link (#main-content) now lands on the content, not the sidebar. --> ← Back to glossary WHAT › Glossary › aDNA aDNA",373,glossary,reference,"Thu, 13 Aug 2026 12:30:59 GMT",2,118,false,false
https://adna.network/glossary/glossary-agents-md/,200,AGENTS.md — aDNA,AGENTS.md is a guide written *for agents* that sits in each directory of an aDNA project.,") comes BEFORE the sidebars in DOM so a screen reader / agent reads breadcrumb → h1 → content before the ~100 nav links. The visual column order (sidebar | content | toc) is restored via grid-template-areas below, so there is no visual change. The skip-link (#main-content) now lands on the content, not the sidebar. --> ← Back to glossary WHAT › Glossary › AGENTS.md AGENTS.md",382,glossary,reference,"Thu, 13 Aug 2026 00:49:24 GMT",2,25,false,false
https://adna.network/glossary/glossary-bare-triad/,200,Bare Triad — aDNA,"A bare triad is the simplest way to set up an aDNA project: the three folders (`what/`, `how/`, `who/`) sit directly at the project root, alongside the ...",") comes BEFORE the sidebars in DOM so a screen reader / agent reads breadcrumb → h1 → content before the ~100 nav links. The visual column order (sidebar | content | toc) is restored via grid-template-areas below, so there is no visual change. The skip-link (#main-content) now lands on the content, not the sidebar. --> ← Back to glossary WHAT › Glossary › Bare Triad Bare Triad",383,glossary,reference,"Thu, 13 Aug 2026 12:08:09 GMT",2,25,false,false
https://adna.network/glossary/glossary-collision-prevention/,200,Collision Prevention — aDNA,Collision prevention is how aDNA protects files from being accidentally overwritten when multiple agents (or humans) work in the same project.,") comes BEFORE the sidebars in DOM so a screen reader / agent reads breadcrumb → h1 → content before the ~100 nav links. The visual column order (sidebar | content | toc) is restored via grid-template-areas below, so there is no visual change. The skip-link (#main-content) now lands on the content, not the sidebar. --> ← Back to glossary WHAT › Glossary › Collision Prevention Collision Prevention",388,glossary,reference,"Thu, 13 Aug 2026 12:11:27 GMT",2,27,false,false
https://adna.network/glossary/glossary-conformance-level/,200,Conformance Level — aDNA,"Conformance levels are three tiers — Starter, Standard, and Full — that define how much of the aDNA standard a project implements.",") comes BEFORE the sidebars in DOM so a screen reader / agent reads breadcrumb → h1 → content before the ~100 nav links. The visual column order (sidebar | content | toc) is restored via grid-template-areas below, so there is no visual change. The skip-link (#main-content) now lands on the content, not the sidebar. --> ← Back to glossary WHAT › Glossary › Conformance Level Conformance Level",401,glossary,reference,"Thu, 13 Aug 2026 07:21:19 GMT",2,27,false,false
https://adna.network/glossary/glossary-conformant-instance/,200,Conformant Instance — aDNA,A conformant instance is any project directory that meets the requirements for at least the Starter level of the aDNA standard.,") comes BEFORE the sidebars in DOM so a screen reader / agent reads breadcrumb → h1 → content before the ~100 nav links. The visual column order (sidebar | content | toc) is restored via grid-template-areas below, so there is no visual change. The skip-link (#main-content) now lands on the content, not the sidebar. --> ← Back to glossary WHAT › Glossary › Conformant Instance Conformant Instance",373,glossary,reference,"Fri, 14 Aug 2026 00:30:51 GMT",2,25,false,false
https://adna.network/glossary/glossary-content-as-code/,200,Content-as-Code — aDNA,Content-as-code is a workflow pattern where a file,") comes BEFORE the sidebars in DOM so a screen reader / agent reads breadcrumb → h1 → content before the ~100 nav links. The visual column order (sidebar | content | toc) is restored via grid-template-areas below, so there is no visual change. The skip-link (#main-content) now lands on the content, not the sidebar. --> ← Back to glossary WHAT › Glossary › Content-as-Code Content-as-Code",362,glossary,reference,"Fri, 14 Aug 2026 06:24:25 GMT",2,25,false,false
https://adna.network/glossary/glossary-context-library/,200,Context Library — aDNA,The context library is a structured knowledge store inside `what/context/` that agents load before starting domain work.,") comes BEFORE the sidebars in DOM so a screen reader / agent reads breadcrumb → h1 → content before the ~100 nav links. The visual column order (sidebar | content | toc) is restored via grid-template-areas below, so there is no visual change. The skip-link (#main-content) now lands on the content, not the sidebar. --> ← Back to glossary WHAT › Glossary › Context Library Context Library",391,glossary,reference,"Thu, 13 Aug 2026 22:33:57 GMT",2,25,false,false
https://adna.network/glossary/glossary-coordination-note/,200,Coordination Note — aDNA,"A coordination note is a short message from one agent to another, left in `who/coordination/`.",") comes BEFORE the sidebars in DOM so a screen reader / agent reads breadcrumb → h1 → content before the ~100 nav links. The visual column order (sidebar | content | toc) is restored via grid-template-areas below, so there is no visual change. The skip-link (#main-content) now lands on the content, not the sidebar. --> ← Back to glossary WHAT › Glossary › Coordination Note Coordination Note",395,glossary,reference,"Fri, 14 Aug 2026 16:44:34 GMT",2,25,false,false
https://adna.network/glossary/glossary-deployment-form/,200,Deployment Form — aDNA,The deployment form is *how* you physically set up the aDNA folders in your project.,") comes BEFORE the sidebars in DOM so a screen reader / agent reads breadcrumb → h1 → content before the ~100 nav links. The visual column order (sidebar | content | toc) is restored via grid-template-areas below, so there is no visual change. The skip-link (#main-content) now lands on the content, not the sidebar. --> ← Back to glossary WHAT › Glossary › Deployment Form Deployment Form",367,glossary,reference,"Fri, 14 Aug 2026 08:20:08 GMT",2,25,false,false
https://adna.network/glossary/glossary-embedded-triad/,200,Embedded Triad — aDNA,"An embedded triad wraps the three aDNA folders inside a hidden `.agentic/` directory, keeping them separate from a codebase",") comes BEFORE the sidebars in DOM so a screen reader / agent reads breadcrumb → h1 → content before the ~100 nav links. The visual column order (sidebar | content | toc) is restored via grid-template-areas below, so there is no visual change. The skip-link (#main-content) now lands on the content, not the sidebar. --> ← Back to glossary WHAT › Glossary › Embedded Triad Embedded Triad",374,glossary,reference,"Thu, 13 Aug 2026 01:26:28 GMT",2,26,false,false
https://adna.network/glossary/glossary-frontmatter/,200,Frontmatter — aDNA,"Frontmatter is the structured metadata block at the top of every aDNA file, wrapped in `---` fences.",") comes BEFORE the sidebars in DOM so a screen reader / agent reads breadcrumb → h1 → content before the ~100 nav links. The visual column order (sidebar | content | toc) is restored via grid-template-areas below, so there is no visual change. The skip-link (#main-content) now lands on the content, not the sidebar. --> ← Back to glossary WHAT › Glossary › Frontmatter Frontmatter",393,glossary,reference,"Thu, 13 Aug 2026 12:58:24 GMT",2,25,false,false
https://adna.network/glossary/glossary-governance-file/,200,Governance File — aDNA,"A governance file is one of the ALLCAPS markdown files at the root of an aDNA project that tells agents and humans what the project is, how it works, an...",") comes BEFORE the sidebars in DOM so a screen reader / agent reads breadcrumb → h1 → content before the ~100 nav links. The visual column order (sidebar | content | toc) is restored via grid-template-areas below, so there is no visual change. The skip-link (#main-content) now lands on the content, not the sidebar. --> ← Back to glossary WHAT › Glossary › Governance File Governance File",377,glossary,reference,"Tue, 11 Aug 2026 21:21:18 GMT",2,26,false,false
https://adna.network/glossary/glossary-how/,200,how/ — aDNA,The operations layer of an aDNA project — everything about *how* the project works.,") comes BEFORE the sidebars in DOM so a screen reader / agent reads breadcrumb → h1 → content before the ~100 nav links. The visual column order (sidebar | content | toc) is restored via grid-template-areas below, so there is no visual change. The skip-link (#main-content) now lands on the content, not the sidebar. --> ← Back to glossary WHAT › Glossary › how/ how/",344,glossary,reference,"Thu, 13 Aug 2026 23:25:19 GMT",2,25,false,false
https://adna.network/glossary/glossary-mission/,200,Mission — aDNA,A mission is a chunk of work too big for a single session.,") comes BEFORE the sidebars in DOM so a screen reader / agent reads breadcrumb → h1 → content before the ~100 nav links. The visual column order (sidebar | content | toc) is restored via grid-template-areas below, so there is no visual change. The skip-link (#main-content) now lands on the content, not the sidebar. --> ← Back to glossary WHAT › Glossary › Mission Mission",373,glossary,reference,"Thu, 13 Aug 2026 00:49:23 GMT",2,28,false,false
https://adna.network/glossary/glossary-ontology-extension/,200,Ontology Extension — aDNA,An ontology extension is a new type of content you add to an aDNA project beyond the base set.,") comes BEFORE the sidebars in DOM so a screen reader / agent reads breadcrumb → h1 → content before the ~100 nav links. The visual column order (sidebar | content | toc) is restored via grid-template-areas below, so there is no visual change. The skip-link (#main-content) now lands on the content, not the sidebar. --> ← Back to glossary WHAT › Glossary › Ontology Extension Ontology Extension",427,glossary,reference,"Thu, 13 Aug 2026 05:53:15 GMT",2,26,false,false
https://adna.network/glossary/glossary-question-test/,200,Question Test — aDNA,The question test is the three-question method for deciding where a file belongs in the aDNA triad.,") comes BEFORE the sidebars in DOM so a screen reader / agent reads breadcrumb → h1 → content before the ~100 nav links. The visual column order (sidebar | content | toc) is restored via grid-template-areas below, so there is no visual change. The skip-link (#main-content) now lands on the content, not the sidebar. --> ← Back to glossary WHAT › Glossary › Question Test Question Test",403,glossary,reference,"Thu, 13 Aug 2026 12:28:05 GMT",2,26,false,false
https://adna.network/glossary/glossary-readme-md/,200,README.md — aDNA,README.md is the guide written *for humans* that sits at the project root and optionally in subdirectories.,") comes BEFORE the sidebars in DOM so a screen reader / agent reads breadcrumb → h1 → content before the ~100 nav links. The visual column order (sidebar | content | toc) is restored via grid-template-areas below, so there is no visual change. The skip-link (#main-content) now lands on the content, not the sidebar. --> ← Back to glossary WHAT › Glossary › README.md README.md",360,glossary,reference,"Thu, 13 Aug 2026 21:12:43 GMT",2,25,false,false
https://adna.network/glossary/glossary-session/,200,Session — aDNA,A session is one stretch of work by an agent (or human).,") comes BEFORE the sidebars in DOM so a screen reader / agent reads breadcrumb → h1 → content before the ~100 nav links. The visual column order (sidebar | content | toc) is restored via grid-template-areas below, so there is no visual change. The skip-link (#main-content) now lands on the content, not the sidebar. --> ← Back to glossary WHAT › Glossary › Session Session",379,glossary,reference,"Thu, 13 Aug 2026 06:29:20 GMT",2,27,false,false
https://adna.network/glossary/glossary-sitrep/,200,SITREP — aDNA,A SITREP (situation report) is the structured status update written at the end of every session.,") comes BEFORE the sidebars in DOM so a screen reader / agent reads breadcrumb → h1 → content before the ~100 nav links. The visual column order (sidebar | content | toc) is restored via grid-template-areas below, so there is no visual change. The skip-link (#main-content) now lands on the content, not the sidebar. --> ← Back to glossary WHAT › Glossary › SITREP SITREP",377,glossary,reference,"Sat, 15 Aug 2026 18:03:23 GMT",2,29,false,false
https://adna.network/glossary/glossary-skill/,200,Skill — aDNA,A skill is a reusable recipe that an agent can follow step-by-step to accomplish a specific task.,") comes BEFORE the sidebars in DOM so a screen reader / agent reads breadcrumb → h1 → content before the ~100 nav links. The visual column order (sidebar | content | toc) is restored via grid-template-areas below, so there is no visual change. The skip-link (#main-content) now lands on the content, not the sidebar. --> ← Back to glossary WHAT › Glossary › Skill Skill",388,glossary,reference,"Wed, 12 Aug 2026 06:06:23 GMT",2,26,false,false
https://adna.network/glossary/glossary-template/,200,Template — aDNA,A template is a reusable blueprint for creating new files of a specific type.,") comes BEFORE the sidebars in DOM so a screen reader / agent reads breadcrumb → h1 → content before the ~100 nav links. The visual column order (sidebar | content | toc) is restored via grid-template-areas below, so there is no visual change. The skip-link (#main-content) now lands on the content, not the sidebar. --> ← Back to glossary WHAT › Glossary › Template Template",402,glossary,reference,"Thu, 13 Aug 2026 16:23:14 GMT",2,26,false,false
https://adna.network/glossary/glossary-triad/,200,Triad — aDNA,"The triad is the three-folder structure at the heart of every aDNA project: `what/` (what the project knows), `how/` (how the project works), and `who/`...",") comes BEFORE the sidebars in DOM so a screen reader / agent reads breadcrumb → h1 → content before the ~100 nav links. The visual column order (sidebar | content | toc) is restored via grid-template-areas below, so there is no visual change. The skip-link (#main-content) now lands on the content, not the sidebar. --> ← Back to glossary WHAT › Glossary › Triad Triad",386,glossary,reference,"Fri, 14 Aug 2026 15:47:38 GMT",2,27,false,false
https://adna.network/glossary/glossary-what/,200,what/ — aDNA,The knowledge layer of an aDNA project — everything the project *knows*.,") comes BEFORE the sidebars in DOM so a screen reader / agent reads breadcrumb → h1 → content before the ~100 nav links. The visual column order (sidebar | content | toc) is restored via grid-template-areas below, so there is no visual change. The skip-link (#main-content) now lands on the content, not the sidebar. --> ← Back to glossary WHAT › Glossary › what/ what/",351,glossary,reference,"Wed, 12 Aug 2026 22:24:25 GMT",2,25,false,false
https://adna.network/glossary/glossary-who/,200,who/ — aDNA,The organization layer of an aDNA project — everything about *who* is involved.,") comes BEFORE the sidebars in DOM so a screen reader / agent reads breadcrumb → h1 → content before the ~100 nav links. The visual column order (sidebar | content | toc) is restored via grid-template-areas below, so there is no visual change. The skip-link (#main-content) now lands on the content, not the sidebar. --> ← Back to glossary WHAT › Glossary › who/ who/",341,glossary,reference,"Thu, 13 Aug 2026 23:11:39 GMT",2,25,false,false
https://adna.network/how/,200,How — aDNA,"Operational processes for aDNA — publishing pipelines, workshops, and lattice examples.",") comes BEFORE the sidebars in DOM so a screen reader / agent reads breadcrumb → h1 → content before the ~100 nav links. The visual column order (sidebar | content | toc) is restored via grid-template-areas below, so there is no visual change. The skip-link (#main-content) now lands on the content, not the sidebar. --> How",194,hub,how-to,"Wed, 12 Aug 2026 05:38:20 GMT",1,201,false,false
https://adna.network/how/lattice-examples/,200,Lattice Examples — aDNA,Self-referential lattice definitions that model the processes used to build this vault and documentation site.,") comes BEFORE the sidebars in DOM so a screen reader / agent reads breadcrumb → h1 → content before the ~100 nav links. The visual column order (sidebar | content | toc) is restored via grid-template-areas below, so there is no visual change. The skip-link (#main-content) now lands on the content, not the sidebar. --> Lattice Examples",251,hub,how-to,"Fri, 14 Aug 2026 19:16:25 GMT",2,5,false,false
https://adna.network/how/lattice-examples/lattice-campaign-execution/,200,Campaign Execution — aDNA,"A 9-node workflow lattice modeling the Campaign-Mission-Objective execution hierarchy with phase gates, SITREPs, and AARs.",") comes BEFORE the sidebars in DOM so a screen reader / agent reads breadcrumb → h1 → content before the ~100 nav links. The visual column order (sidebar | content | toc) is restored via grid-template-areas below, so there is no visual change. The skip-link (#main-content) now lands on the content, not the sidebar. --> ← Back to lattice examples HOW › Lattice Examples › Campaign Execution Campaign Execution",783,doc-article,how-to,"Sun, 16 Aug 2026 15:16:58 GMT",3,11,false,false
https://adna.network/how/lattice-examples/lattice-content-pipeline/,200,Content Pipeline — aDNA,A 10-node pipeline lattice modeling the vault-to-site publishing process. Self-referential: this lattice describes the exact pipeline that built this page.,") comes BEFORE the sidebars in DOM so a screen reader / agent reads breadcrumb → h1 → content before the ~100 nav links. The visual column order (sidebar | content | toc) is restored via grid-template-areas below, so there is no visual change. The skip-link (#main-content) now lands on the content, not the sidebar. --> ← Back to lattice examples HOW › Lattice Examples › Content Pipeline Content Pipeline",772,doc-article,how-to,"Sun, 16 Aug 2026 17:05:23 GMT",3,11,false,false
https://adna.network/how/lattice-examples/lattice-context-serving/,200,Context Serving — aDNA,An 8-node context graph implementing the aDNA convergence model. Self-referential: this lattice IS the startup protocol every agent session follows.,") comes BEFORE the sidebars in DOM so a screen reader / agent reads breadcrumb → h1 → content before the ~100 nav links. The visual column order (sidebar | content | toc) is restored via grid-template-areas below, so there is no visual change. The skip-link (#main-content) now lands on the content, not the sidebar. --> ← Back to lattice examples HOW › Lattice Examples › Context Serving Context Serving",825,doc-article,how-to,"Sun, 16 Aug 2026 17:05:23 GMT",3,11,false,false
https://adna.network/how/lattice-examples/lattice-dual-audience-review/,200,Dual Audience Review — aDNA,"A 6-node agent lattice implementing the quality gate every content file passes: developer review, newcomer review, self-reference scan, and cross-link check.",") comes BEFORE the sidebars in DOM so a screen reader / agent reads breadcrumb → h1 → content before the ~100 nav links. The visual column order (sidebar | content | toc) is restored via grid-template-areas below, so there is no visual change. The skip-link (#main-content) now lands on the content, not the sidebar. --> ← Back to lattice examples HOW › Lattice Examples › Dual Audience Review Dual Audience Review",777,doc-article,how-to,"Sun, 16 Aug 2026 17:05:23 GMT",3,11,false,false
https://adna.network/how/publishing/,200,Publishing — aDNA,"How aDNA vault content becomes a live documentation site — pipeline, content mapping, and social sharing.",") comes BEFORE the sidebars in DOM so a screen reader / agent reads breadcrumb → h1 → content before the ~100 nav links. The visual column order (sidebar | content | toc) is restored via grid-template-areas below, so there is no visual change. The skip-link (#main-content) now lands on the content, not the sidebar. --> Publishing",212,hub,how-to,"Thu, 13 Aug 2026 15:11:54 GMT",2,5,false,false
https://adna.network/how/publishing/content-mapping/,200,Content Mapping — aDNA,Every vault entity type maps to a specific site section and URL pattern. This document is the registry of those mappings — the bridge between vault arch...,") comes BEFORE the sidebars in DOM so a screen reader / agent reads breadcrumb → h1 → content before the ~100 nav links. The visual column order (sidebar | content | toc) is restored via grid-template-areas below, so there is no visual change. The skip-link (#main-content) now lands on the content, not the sidebar. --> ← Back to publishing HOW › Publishing › Content Mapping Content Mapping",759,doc-article,how-to,"Sun, 16 Aug 2026 17:05:23 GMT",3,11,false,false
https://adna.network/how/publishing/social-sharing/,200,Social Sharing — aDNA,"When someone shares an aDNA.aDNA page on social media, a branded preview image and description appear automatically. This document describes the OG (Ope...",") comes BEFORE the sidebars in DOM so a screen reader / agent reads breadcrumb → h1 → content before the ~100 nav links. The visual column order (sidebar | content | toc) is restored via grid-template-areas below, so there is no visual change. The skip-link (#main-content) now lands on the content, not the sidebar. --> ← Back to publishing HOW › Publishing › Social Sharing Social Sharing",610,doc-article,how-to,"Sat, 15 Aug 2026 11:10:43 GMT",3,11,false,false
https://adna.network/how/publishing/vault-to-site/,200,Vault-to-Site Pipeline — aDNA,This document describes how aDNA.aDNA vault content becomes a live documentation website. The pipeline transforms Markdown files from vault directories ...,") comes BEFORE the sidebars in DOM so a screen reader / agent reads breadcrumb → h1 → content before the ~100 nav links. The visual column order (sidebar | content | toc) is restored via grid-template-areas below, so there is no visual change. The skip-link (#main-content) now lands on the content, not the sidebar. --> ← Back to publishing HOW › Publishing › Vault-to-Site Pipeline Vault-to-Site Pipeline",618,doc-article,how-to,"Fri, 14 Aug 2026 07:52:52 GMT",2,118,false,false
https://adna.network/how/workshops/,200,Workshops — aDNA,"Structured workshop kits for teaching aDNA — beginner to advanced, 60 to 120 minutes.",") comes BEFORE the sidebars in DOM so a screen reader / agent reads breadcrumb → h1 → content before the ~100 nav links. The visual column order (sidebar | content | toc) is restored via grid-template-areas below, so there is no visual change. The skip-link (#main-content) now lands on the content, not the sidebar. --> Workshops",235,hub,how-to,"Thu, 13 Aug 2026 01:06:39 GMT",2,5,false,false
https://adna.network/how/workshops/build-your-first-vault/,200,Build Your First Vault — aDNA,"A 90-minute hands-on workshop where participants fork the aDNA template, customize it for their own project, and leave with a working vault. By the end,...",") comes BEFORE the sidebars in DOM so a screen reader / agent reads breadcrumb → h1 → content before the ~100 nav links. The visual column order (sidebar | content | toc) is restored via grid-template-areas below, so there is no visual change. The skip-link (#main-content) now lands on the content, not the sidebar. --> ← Back to workshops HOW › Workshops › Build Your First Vault Build Your First Vault",1131,doc-article,tutorial,"Sun, 16 Aug 2026 17:05:23 GMT",3,11,false,false
https://adna.network/how/workshops/facilitation-guide/,200,Facilitation Guide — aDNA,"A meta-guide for anyone running an aDNA workshop. This document covers logistics, audience assessment, pacing strategies, and common pitfalls — everythi...",") comes BEFORE the sidebars in DOM so a screen reader / agent reads breadcrumb → h1 → content before the ~100 nav links. The visual column order (sidebar | content | toc) is restored via grid-template-areas below, so there is no visual change. The skip-link (#main-content) now lands on the content, not the sidebar. --> ← Back to workshops HOW › Workshops › Facilitation Guide Facilitation Guide",1000,doc-article,tutorial,"Sun, 16 Aug 2026 17:05:23 GMT",3,11,false,false
https://adna.network/how/workshops/lattice-design/,200,Lattice Design — aDNA,"A 120-minute deep workshop where participants design, validate, and compose lattice YAML files. Lattices are the executable layer of aDNA — directed gra...",") comes BEFORE the sidebars in DOM so a screen reader / agent reads breadcrumb → h1 → content before the ~100 nav links. The visual column order (sidebar | content | toc) is restored via grid-template-areas below, so there is no visual change. The skip-link (#main-content) now lands on the content, not the sidebar. --> ← Back to workshops HOW › Workshops › Lattice Design Lattice Design",1234,doc-article,tutorial,"Sun, 16 Aug 2026 16:59:53 GMT",3,11,false,false
https://adna.network/how/workshops/vault-exploration/,200,Vault Exploration — aDNA,A 60-minute guided tour of a living aDNA vault. Participants don,") comes BEFORE the sidebars in DOM so a screen reader / agent reads breadcrumb → h1 → content before the ~100 nav links. The visual column order (sidebar | content | toc) is restored via grid-template-areas below, so there is no visual change. The skip-link (#main-content) now lands on the content, not the sidebar. --> ← Back to workshops HOW › Workshops › Vault Exploration Vault Exploration",1033,doc-article,tutorial,"Sun, 16 Aug 2026 17:05:23 GMT",3,11,false,false
https://adna.network/learn/,200,Learn aDNA,"An ordered path into aDNA: start with the overview, understand the core ideas, practice with a tutorial, then compare to what you already know.",") comes BEFORE the sidebars in DOM so a screen reader / agent reads breadcrumb → h1 → content before the ~100 nav links. The visual column order (sidebar | content | toc) is restored via grid-template-areas below, so there is no visual change. The skip-link (#main-content) now lands on the content, not the sidebar. --> Learn aDNA",460,hub,concept,"Wed, 12 Aug 2026 14:48:01 GMT",1,201,false,false
https://adna.network/learn/comparisons/,200,Comparisons — aDNA,"How aDNA compares to PARA, Zettelkasten, Notion, Johnny.Decimal, and plain Markdown.",") comes BEFORE the sidebars in DOM so a screen reader / agent reads breadcrumb → h1 → content before the ~100 nav links. The visual column order (sidebar | content | toc) is restored via grid-template-areas below, so there is no visual change. The skip-link (#main-content) now lands on the content, not the sidebar. --> Comparisons",230,hub,concept,"Sun, 16 Aug 2026 17:05:23 GMT",2,6,false,false
https://adna.network/learn/comparisons/adna-vs-johnny-decimal/,200,aDNA vs. Johnny.Decimal,"Two systems for organizing files — one uses a universal numbering scheme, the other uses a typed triad with agent governance.",") comes BEFORE the sidebars in DOM so a screen reader / agent reads breadcrumb → h1 → content before the ~100 nav links. The visual column order (sidebar | content | toc) is restored via grid-template-areas below, so there is no visual change. The skip-link (#main-content) now lands on the content, not the sidebar. --> ← Back to comparisons WHAT › Comparisons › aDNA vs. Johnny.Decimal aDNA vs. Johnny.Decimal",911,doc-article,concept,"Thu, 13 Aug 2026 12:13:24 GMT",2,27,false,false
https://adna.network/learn/comparisons/adna-vs-notion/,200,aDNA vs. Notion,"A standard for AI-native knowledge architecture vs. a SaaS platform for team collaboration — different layers, different trade-offs.",") comes BEFORE the sidebars in DOM so a screen reader / agent reads breadcrumb → h1 → content before the ~100 nav links. The visual column order (sidebar | content | toc) is restored via grid-template-areas below, so there is no visual change. The skip-link (#main-content) now lands on the content, not the sidebar. --> ← Back to comparisons WHAT › Comparisons › aDNA vs. Notion aDNA vs. Notion",903,doc-article,concept,"Thu, 13 Aug 2026 18:58:21 GMT",2,28,false,false
https://adna.network/learn/comparisons/adna-vs-para/,200,aDNA vs. PARA,"Two systems for organizing knowledge — one designed for personal productivity, the other for AI-native project collaboration.",") comes BEFORE the sidebars in DOM so a screen reader / agent reads breadcrumb → h1 → content before the ~100 nav links. The visual column order (sidebar | content | toc) is restored via grid-template-areas below, so there is no visual change. The skip-link (#main-content) now lands on the content, not the sidebar. --> ← Back to comparisons WHAT › Comparisons › aDNA vs. PARA aDNA vs. PARA",835,doc-article,concept,"Thu, 13 Aug 2026 11:37:06 GMT",2,27,false,false
https://adna.network/learn/comparisons/adna-vs-plain-markdown/,200,aDNA vs. Plain Markdown,The most common question: &#34;Why not just use a folder of markdown files?&#34;,") comes BEFORE the sidebars in DOM so a screen reader / agent reads breadcrumb → h1 → content before the ~100 nav links. The visual column order (sidebar | content | toc) is restored via grid-template-areas below, so there is no visual change. The skip-link (#main-content) now lands on the content, not the sidebar. --> ← Back to comparisons WHAT › Comparisons › aDNA vs. Plain Markdown aDNA vs. Plain Markdown",1059,doc-article,concept,"Fri, 14 Aug 2026 12:14:22 GMT",2,31,false,false
https://adna.network/learn/comparisons/adna-vs-zettelkasten/,200,aDNA vs. Zettelkasten,"Two knowledge systems built on connected notes — one optimized for human creative thinking, the other for human-agent collaborative projects.",") comes BEFORE the sidebars in DOM so a screen reader / agent reads breadcrumb → h1 → content before the ~100 nav links. The visual column order (sidebar | content | toc) is restored via grid-template-areas below, so there is no visual change. The skip-link (#main-content) now lands on the content, not the sidebar. --> ← Back to comparisons WHAT › Comparisons › aDNA vs. Zettelkasten aDNA vs. Zettelkasten",902,doc-article,concept,"Fri, 14 Aug 2026 13:18:05 GMT",2,27,false,false
https://adna.network/learn/concepts/,200,Concepts — aDNA,Core aDNA concepts from the Triad to FAIR Metadata.,") comes BEFORE the sidebars in DOM so a screen reader / agent reads breadcrumb → h1 → content before the ~100 nav links. The visual column order (sidebar | content | toc) is restored via grid-template-areas below, so there is no visual change. The skip-link (#main-content) now lands on the content, not the sidebar. --> Concepts",466,hub,concept,"Thu, 13 Aug 2026 12:17:15 GMT",2,14,false,false
https://adna.network/learn/concepts/agentic-literacy/,200,Agentic Literacy — aDNA,"Agentic literacy is the ability to work effectively with AI agents — not just prompting them, but structuring knowledge so agents can find, understand, ...",") comes BEFORE the sidebars in DOM so a screen reader / agent reads breadcrumb → h1 → content before the ~100 nav links. The visual column order (sidebar | content | toc) is restored via grid-template-areas below, so there is no visual change. The skip-link (#main-content) now lands on the content, not the sidebar. --> ← Back to concepts WHAT › Concepts › Agentic Literacy Agentic Literacy",1315,doc-article,concept,"Thu, 13 Aug 2026 10:09:56 GMT",2,31,false,false
https://adna.network/learn/concepts/context-commons/,200,Context Commons — aDNA,"Think of the Context Commons as a shared library of &#34;how to teach an AI assistant your project&#34; — like GitHub, but for agent knowledge instead of code. ...",") comes BEFORE the sidebars in DOM so a screen reader / agent reads breadcrumb → h1 → content before the ~100 nav links. The visual column order (sidebar | content | toc) is restored via grid-template-areas below, so there is no visual change. The skip-link (#main-content) now lands on the content, not the sidebar. --> ← Back to concepts WHAT › Concepts › Context Commons Context Commons",1418,doc-article,concept,"Thu, 13 Aug 2026 04:48:33 GMT",2,31,false,false
https://adna.network/learn/concepts/context-optimization/,200,Context Optimization — aDNA,Context optimization is the practice of designing context files — the curated knowledge agents load before doing work — so they deliver maximum decision...,") comes BEFORE the sidebars in DOM so a screen reader / agent reads breadcrumb → h1 → content before the ~100 nav links. The visual column order (sidebar | content | toc) is restored via grid-template-areas below, so there is no visual change. The skip-link (#main-content) now lands on the content, not the sidebar. --> ← Back to concepts WHAT › Concepts › Context Optimization Context Optimization",1233,doc-article,concept,"Fri, 14 Aug 2026 11:39:46 GMT",2,31,false,false
https://adna.network/learn/concepts/convergence/,200,The Convergence Model — aDNA,A project can know more than any AI agent can hold in mind at once. The convergence model solves that by narrowing the knowledge in play at each stage o...,") comes BEFORE the sidebars in DOM so a screen reader / agent reads breadcrumb → h1 → content before the ~100 nav links. The visual column order (sidebar | content | toc) is restored via grid-template-areas below, so there is no visual change. The skip-link (#main-content) now lands on the content, not the sidebar. --> ← Back to concepts WHAT › Concepts › The Convergence Model The Convergence Model",1339,doc-article,concept,"Wed, 12 Aug 2026 06:37:08 GMT",1,41,false,false
https://adna.network/learn/concepts/dual-audience/,200,Dual Audience — aDNA,aDNA,") comes BEFORE the sidebars in DOM so a screen reader / agent reads breadcrumb → h1 → content before the ~100 nav links. The visual column order (sidebar | content | toc) is restored via grid-template-areas below, so there is no visual change. The skip-link (#main-content) now lands on the content, not the sidebar. --> ← Back to concepts WHAT › Concepts › Dual Audience Dual Audience",1168,doc-article,concept,"Sat, 15 Aug 2026 04:23:44 GMT",3,10,false,false
https://adna.network/learn/concepts/fair-metadata/,200,FAIR Metadata — aDNA,"FAIR is a simple four-question test: can someone else Find your work, Access it, Interoperate with it, and Reuse it? aDNA bakes that test into every pie...",") comes BEFORE the sidebars in DOM so a screen reader / agent reads breadcrumb → h1 → content before the ~100 nav links. The visual column order (sidebar | content | toc) is restored via grid-template-areas below, so there is no visual change. The skip-link (#main-content) now lands on the content, not the sidebar. --> ← Back to concepts WHAT › Concepts › FAIR Metadata FAIR Metadata",1133,doc-article,concept,"Tue, 11 Aug 2026 06:14:34 GMT",2,35,false,false
https://adna.network/learn/concepts/governance-files/,200,Governance Files — aDNA,"Every aDNA project has five ALLCAPS governance files at its root — CLAUDE.md, MANIFEST.md, STATE.md, AGENTS.md, and README.md. Together, they form the o...",") comes BEFORE the sidebars in DOM so a screen reader / agent reads breadcrumb → h1 → content before the ~100 nav links. The visual column order (sidebar | content | toc) is restored via grid-template-areas below, so there is no visual change. The skip-link (#main-content) now lands on the content, not the sidebar. --> ← Back to concepts WHAT › Concepts › Governance Files Governance Files",1269,doc-article,concept,"Thu, 13 Aug 2026 06:43:23 GMT",2,40,false,false
https://adna.network/learn/concepts/knowledge-graph/,200,The Knowledge Graph — aDNA,An aDNA vault is not a filing cabinet — it,") comes BEFORE the sidebars in DOM so a screen reader / agent reads breadcrumb → h1 → content before the ~100 nav links. The visual column order (sidebar | content | toc) is restored via grid-template-areas below, so there is no visual change. The skip-link (#main-content) now lands on the content, not the sidebar. --> ← Back to concepts WHAT › Concepts › The Knowledge Graph The Knowledge Graph",1375,doc-article,concept,"Fri, 14 Aug 2026 08:20:44 GMT",2,33,false,false
https://adna.network/learn/concepts/lattice-composition/,200,Lattice Composition — aDNA,Big jobs are usually too big for one workflow. Lattice composition is how aDNA snaps smaller workflows together to make bigger ones — the same way a din...,") comes BEFORE the sidebars in DOM so a screen reader / agent reads breadcrumb → h1 → content before the ~100 nav links. The visual column order (sidebar | content | toc) is restored via grid-template-areas below, so there is no visual change. The skip-link (#main-content) now lands on the content, not the sidebar. --> ← Back to concepts WHAT › Concepts › Lattice Composition Lattice Composition",1249,doc-article,concept,"Tue, 11 Aug 2026 05:03:53 GMT",2,34,false,false
https://adna.network/learn/concepts/ontology/,200,The Ontology — aDNA,The aDNA ontology is a typed vocabulary of 16 base entity types — organized across the triad — that defines what kinds of things a project can contain. ...,") comes BEFORE the sidebars in DOM so a screen reader / agent reads breadcrumb → h1 → content before the ~100 nav links. The visual column order (sidebar | content | toc) is restored via grid-template-areas below, so there is no visual change. The skip-link (#main-content) now lands on the content, not the sidebar. --> ← Back to concepts WHAT › Concepts › The Ontology The Ontology",1177,doc-article,concept,"Fri, 14 Aug 2026 05:22:24 GMT",2,32,false,false
https://adna.network/learn/concepts/open-standard/,200,Open Standard — aDNA,"aDNA is an open standard — a publicly documented specification that anyone can implement, extend, and build upon without permission or payment. The upst...",") comes BEFORE the sidebars in DOM so a screen reader / agent reads breadcrumb → h1 → content before the ~100 nav links. The visual column order (sidebar | content | toc) is restored via grid-template-areas below, so there is no visual change. The skip-link (#main-content) now lands on the content, not the sidebar. --> ← Back to concepts WHAT › Concepts › Open Standard Open Standard",1292,doc-article,concept,"Thu, 13 Aug 2026 12:49:59 GMT",2,33,false,false
https://adna.network/learn/concepts/token-selection/,200,Token Selection — aDNA,Token selection is the discipline of choosing which knowledge to load into an AI agent,") comes BEFORE the sidebars in DOM so a screen reader / agent reads breadcrumb → h1 → content before the ~100 nav links. The visual column order (sidebar | content | toc) is restored via grid-template-areas below, so there is no visual change. The skip-link (#main-content) now lands on the content, not the sidebar. --> ← Back to concepts WHAT › Concepts › Token Selection Token Selection",1256,doc-article,concept,"Thu, 13 Aug 2026 22:05:19 GMT",2,32,false,false
https://adna.network/learn/concepts/triad/,200,The Triad — aDNA,The triad is aDNA,") comes BEFORE the sidebars in DOM so a screen reader / agent reads breadcrumb → h1 → content before the ~100 nav links. The visual column order (sidebar | content | toc) is restored via grid-template-areas below, so there is no visual change. The skip-link (#main-content) now lands on the content, not the sidebar. --> ← Back to concepts WHAT › Concepts › The Triad The Triad",1040,doc-article,concept,"Tue, 11 Aug 2026 12:45:17 GMT",2,46,false,false
https://adna.network/learn/tutorials/,200,Tutorials — aDNA,Step-by-step aDNA tutorials from beginner to advanced.,") comes BEFORE the sidebars in DOM so a screen reader / agent reads breadcrumb → h1 → content before the ~100 nav links. The visual column order (sidebar | content | toc) is restored via grid-template-areas below, so there is no visual change. The skip-link (#main-content) now lands on the content, not the sidebar. --> Tutorials",556,hub,tutorial,"Tue, 11 Aug 2026 19:03:49 GMT",1,12,false,false
https://adna.network/learn/tutorials/build-a-lattice/,200,Build a Lattice — aDNA,"A validated .lattice.yaml file that defines a workflow as a directed graph of nodes and edges. By the end, you",") comes BEFORE the sidebars in DOM so a screen reader / agent reads breadcrumb → h1 → content before the ~100 nav links. The visual column order (sidebar | content | toc) is restored via grid-template-areas below, so there is no visual change. The skip-link (#main-content) now lands on the content, not the sidebar. --> ← Back to tutorials WHAT › Tutorials › Build a Lattice Build a Lattice",893,doc-article,tutorial,"Sun, 16 Aug 2026 17:05:24 GMT",2,31,false,false
https://adna.network/learn/tutorials/design-a-mission/,200,Design a Mission — aDNA,"A mission file that decomposes a multi-session task into claimable objectives. By the end, any agent can pick up your mission, understand what needs to ...",") comes BEFORE the sidebars in DOM so a screen reader / agent reads breadcrumb → h1 → content before the ~100 nav links. The visual column order (sidebar | content | toc) is restored via grid-template-areas below, so there is no visual change. The skip-link (#main-content) now lands on the content, not the sidebar. --> ← Back to tutorials WHAT › Tutorials › Design a Mission Design a Mission",996,doc-article,tutorial,"Sun, 16 Aug 2026 17:05:24 GMT",2,30,false,false
https://adna.network/learn/tutorials/exchange-adoption-path/,200,Adopt via the Exchange: Pull → Build-to-Spec → Memorialize — aDNA,"Walk the full aDNA adoption arc end-to-end: pull a shared piece of work, build it to the standard, and memorialize where it came from.",") comes BEFORE the sidebars in DOM so a screen reader / agent reads breadcrumb → h1 → content before the ~100 nav links. The visual column order (sidebar | content | toc) is restored via grid-template-areas below, so there is no visual change. The skip-link (#main-content) now lands on the content, not the sidebar. --> ← Back to tutorials WHAT › Tutorials › Adopt via the Exchange: Pull → Build-to-Spec → Memorialize Adopt via the Exchange: Pull → Build-to-Spec → Memorialize",2671,doc-article,tutorial,"Thu, 13 Aug 2026 12:22:01 GMT",2,1,false,false
https://adna.network/learn/tutorials/extend-the-ontology/,200,Extend the Ontology — aDNA,"A new entity type for your project — complete with a directory, AGENTS.md, template, and your first instance file. By the end, your vault speaks your do...",") comes BEFORE the sidebars in DOM so a screen reader / agent reads breadcrumb → h1 → content before the ~100 nav links. The visual column order (sidebar | content | toc) is restored via grid-template-areas below, so there is no visual change. The skip-link (#main-content) now lands on the content, not the sidebar. --> ← Back to tutorials WHAT › Tutorials › Extend the Ontology Extend the Ontology",977,doc-article,tutorial,"Sun, 16 Aug 2026 17:05:24 GMT",2,34,false,false
https://adna.network/learn/tutorials/federate-a-vault/,200,Federate a Vault — aDNA,"A federated connection between two aDNA instances — exporting a lattice from one project, importing it into another, and composing it into a larger work...",") comes BEFORE the sidebars in DOM so a screen reader / agent reads breadcrumb → h1 → content before the ~100 nav links. The visual column order (sidebar | content | toc) is restored via grid-template-areas below, so there is no visual change. The skip-link (#main-content) now lands on the content, not the sidebar. --> ← Back to tutorials WHAT › Tutorials › Federate a Vault Federate a Vault",866,doc-article,tutorial,"Thu, 13 Aug 2026 15:55:43 GMT",2,30,false,false
https://adna.network/learn/tutorials/first-claude-md/,200,Create Your First CLAUDE.md — aDNA,"A working CLAUDE.md file — the master governance document that tells AI agents who they are, what rules to follow, and how your project is structured. B...",") comes BEFORE the sidebars in DOM so a screen reader / agent reads breadcrumb → h1 → content before the ~100 nav links. The visual column order (sidebar | content | toc) is restored via grid-template-areas below, so there is no visual change. The skip-link (#main-content) now lands on the content, not the sidebar. --> ← Back to tutorials WHAT › Tutorials › Create Your First CLAUDE.md Create Your First CLAUDE.md",1018,doc-article,tutorial,"Tue, 11 Aug 2026 11:56:36 GMT",2,34,false,false
https://adna.network/learn/tutorials/navigate-a-vault/,200,Navigate an aDNA Vault,"Nothing — this is a guided tour. By the end, you",") comes BEFORE the sidebars in DOM so a screen reader / agent reads breadcrumb → h1 → content before the ~100 nav links. The visual column order (sidebar | content | toc) is restored via grid-template-areas below, so there is no visual change. The skip-link (#main-content) now lands on the content, not the sidebar. --> ← Back to tutorials WHAT › Tutorials › Navigate an aDNA Vault Navigate an aDNA Vault",1061,doc-article,tutorial,"Fri, 14 Aug 2026 17:29:45 GMT",2,33,false,false
https://adna.network/learn/tutorials/question-test/,200,Apply the Question Test — aDNA,"A sorted inventory of 10 project items placed into the correct triad leg. By the end, you",") comes BEFORE the sidebars in DOM so a screen reader / agent reads breadcrumb → h1 → content before the ~100 nav links. The visual column order (sidebar | content | toc) is restored via grid-template-areas below, so there is no visual change. The skip-link (#main-content) now lands on the content, not the sidebar. --> ← Back to tutorials WHAT › Tutorials › Apply the Question Test Apply the Question Test",947,doc-article,tutorial,"Sun, 16 Aug 2026 17:05:24 GMT",2,30,false,false
https://adna.network/learn/tutorials/run-a-campaign/,200,Run a Campaign — aDNA,"A campaign document with phased execution, a mission board, and quality gates. By the end, you",") comes BEFORE the sidebars in DOM so a screen reader / agent reads breadcrumb → h1 → content before the ~100 nav links. The visual column order (sidebar | content | toc) is restored via grid-template-areas below, so there is no visual change. The skip-link (#main-content) now lands on the content, not the sidebar. --> ← Back to tutorials WHAT › Tutorials › Run a Campaign Run a Campaign",970,doc-article,tutorial,"Fri, 14 Aug 2026 02:13:01 GMT",2,29,false,false
https://adna.network/learn/tutorials/write-a-context-file/,200,Write a Context File — aDNA,A quality-scored context file ready for your vault,") comes BEFORE the sidebars in DOM so a screen reader / agent reads breadcrumb → h1 → content before the ~100 nav links. The visual column order (sidebar | content | toc) is restored via grid-template-areas below, so there is no visual change. The skip-link (#main-content) now lands on the content, not the sidebar. --> ← Back to tutorials WHAT › Tutorials › Write a Context File Write a Context File",998,doc-article,tutorial,"Thu, 13 Aug 2026 14:08:44 GMT",2,30,false,false
https://adna.network/learn/what-is-adna/,200,What is aDNA?,aDNA (Agentic DNA) is an open standard for organizing project knowledge so that both humans and AI agents can navigate it.,") comes BEFORE the sidebars in DOM so a screen reader / agent reads breadcrumb → h1 → content before the ~100 nav links. The visual column order (sidebar | content | toc) is restored via grid-template-areas below, so there is no visual change. The skip-link (#main-content) now lands on the content, not the sidebar. --> What is aDNA?",1460,doc-article,concept,"Fri, 14 Aug 2026 15:45:07 GMT",1,119,false,false
https://adna.network/network/,200,The network of aDNA computers,"An aDNA computer is one machine carrying many context vaults. See how nodes connect through real, directed relationships — and what stays local versus what you federate.",The network of aDNA computers,757,registry-index,registry,"Thu, 13 Aug 2026 15:18:26 GMT",1,201,false,false
https://adna.network/patterns/,200,Patterns — aDNA,Reusable aDNA architectural patterns for common knowledge architecture challenges.,") comes BEFORE the sidebars in DOM so a screen reader / agent reads breadcrumb → h1 → content before the ~100 nav links. The visual column order (sidebar | content | toc) is restored via grid-template-areas below, so there is no visual change. The skip-link (#main-content) now lands on the content, not the sidebar. --> Patterns",358,hub,reference,"Fri, 14 Aug 2026 16:07:13 GMT",1,201,false,false
https://adna.network/patterns/agents-md/,200,AGENTS.md Routing — aDNA,A project folder can hold hundreds of files. An AI agent working on a single task needs only a handful of them — but how does it know which folders to o...,") comes BEFORE the sidebars in DOM so a screen reader / agent reads breadcrumb → h1 → content before the ~100 nav links. The visual column order (sidebar | content | toc) is restored via grid-template-areas below, so there is no visual change. The skip-link (#main-content) now lands on the content, not the sidebar. --> ← Back to patterns WHAT › Patterns › AGENTS.md Routing AGENTS.md Routing",624,doc-article,reference,"Mon, 10 Aug 2026 22:07:45 GMT",2,15,false,false
https://adna.network/patterns/base-extension/,200,Base/Extension — aDNA,"A shared standard has to be stable enough that teams can build on it, but flexible enough to handle work the authors never imagined. If every team chang...",") comes BEFORE the sidebars in DOM so a screen reader / agent reads breadcrumb → h1 → content before the ~100 nav links. The visual column order (sidebar | content | toc) is restored via grid-template-areas below, so there is no visual change. The skip-link (#main-content) now lands on the content, not the sidebar. --> ← Back to patterns WHAT › Patterns › Base/Extension Base/Extension",732,doc-article,reference,"Tue, 11 Aug 2026 08:07:54 GMT",2,16,false,false
https://adna.network/patterns/context-recipe/,200,Context Recipe — aDNA,"Most real tasks need knowledge from several areas at once — not one clean topic. Without a pre-built list of what to load, an agent either grabs everyth...",") comes BEFORE the sidebars in DOM so a screen reader / agent reads breadcrumb → h1 → content before the ~100 nav links. The visual column order (sidebar | content | toc) is restored via grid-template-areas below, so there is no visual change. The skip-link (#main-content) now lands on the content, not the sidebar. --> ← Back to patterns WHAT › Patterns › Context Recipe Context Recipe",746,doc-article,reference,"Tue, 11 Aug 2026 20:11:46 GMT",2,11,false,false
https://adna.network/patterns/dual-audience-writing/,200,Dual-Audience Writing — aDNA,"aDNA documentation must serve two audiences with different needs: developers seeking technical precision for implementation, and newcomers seeking plain...",") comes BEFORE the sidebars in DOM so a screen reader / agent reads breadcrumb → h1 → content before the ~100 nav links. The visual column order (sidebar | content | toc) is restored via grid-template-areas below, so there is no visual change. The skip-link (#main-content) now lands on the content, not the sidebar. --> ← Back to patterns WHAT › Patterns › Dual-Audience Writing Dual-Audience Writing",729,doc-article,reference,"Fri, 14 Aug 2026 00:50:27 GMT",2,15,false,false
https://adna.network/patterns/fair-envelope/,200,FAIR Envelope — aDNA,"A shareable object without a label is a black box — nobody outside your project can find it, tell if it",") comes BEFORE the sidebars in DOM so a screen reader / agent reads breadcrumb → h1 → content before the ~100 nav links. The visual column order (sidebar | content | toc) is restored via grid-template-areas below, so there is no visual change. The skip-link (#main-content) now lands on the content, not the sidebar. --> ← Back to patterns WHAT › Patterns › FAIR Envelope FAIR Envelope",704,doc-article,reference,"Fri, 14 Aug 2026 05:33:03 GMT",2,13,false,false
https://adna.network/patterns/federation-readiness/,200,Federation Readiness — aDNA,Something that works in your project isn,") comes BEFORE the sidebars in DOM so a screen reader / agent reads breadcrumb → h1 → content before the ~100 nav links. The visual column order (sidebar | content | toc) is restored via grid-template-areas below, so there is no visual change. The skip-link (#main-content) now lands on the content, not the sidebar. --> ← Back to patterns WHAT › Patterns › Federation Readiness Federation Readiness",770,doc-article,reference,"Thu, 13 Aug 2026 06:23:49 GMT",2,16,false,false
https://adna.network/patterns/mission-decomposition/,200,Mission Decomposition — aDNA,"Some jobs — writing thirteen concept files, or building a whole documentation site — are too big for any one agent session to finish in one go. Without ...",") comes BEFORE the sidebars in DOM so a screen reader / agent reads breadcrumb → h1 → content before the ~100 nav links. The visual column order (sidebar | content | toc) is restored via grid-template-areas below, so there is no visual change. The skip-link (#main-content) now lands on the content, not the sidebar. --> ← Back to patterns WHAT › Patterns › Mission Decomposition Mission Decomposition",732,doc-article,reference,"Wed, 12 Aug 2026 05:49:52 GMT",2,12,false,false
https://adna.network/patterns/question-test/,200,The Question Test — aDNA,"Every new file in an aDNA project needs to land in one of three folders — what/, how/, or who/. Most files are obvious; edge cases cause hesitation. Is ...",") comes BEFORE the sidebars in DOM so a screen reader / agent reads breadcrumb → h1 → content before the ~100 nav links. The visual column order (sidebar | content | toc) is restored via grid-template-areas below, so there is no visual change. The skip-link (#main-content) now lands on the content, not the sidebar. --> ← Back to patterns WHAT › Patterns › The Question Test The Question Test",723,doc-article,reference,"Thu, 13 Aug 2026 16:18:02 GMT",2,118,false,false
https://adna.network/privacy/,200,Privacy — aDNA,"What adna.network collects: nothing. No accounts, no analytics, no cookies, no tracking. A static, open-source site — here is the honest, verifiable detail.",Privacy,562,legal,governance,"Tue, 11 Aug 2026 05:56:24 GMT",1,201,false,false
https://adna.network/reference/,200,Reference — aDNA,"aDNA specification documents, design rationale, governance model, glossary, and operational guides.",") comes BEFORE the sidebars in DOM so a screen reader / agent reads breadcrumb → h1 → content before the ~100 nav links. The visual column order (sidebar | content | toc) is restored via grid-template-areas below, so there is no visual change. The skip-link (#main-content) now lands on the content, not the sidebar. --> Reference",464,hub,reference,"Wed, 12 Aug 2026 07:58:06 GMT",1,201,false,false
https://adna.network/reference/agent-first-guide/,200,Agent-First Guide — aDNA,"This guide is for developers who want to use aDNA with Claude Code (or another AI coding agent) from the terminal, without installing Obsidian. If you a...",") comes BEFORE the sidebars in DOM so a screen reader / agent reads breadcrumb → h1 → content before the ~100 nav links. The visual column order (sidebar | content | toc) is restored via grid-template-areas below, so there is no visual change. The skip-link (#main-content) now lands on the content, not the sidebar. --> ← Back to reference WHAT › Reference › Agent-First Guide Agent-First Guide",2212,doc-article,reference,"Fri, 14 Aug 2026 12:14:18 GMT",2,10,false,false
https://adna.network/reference/design-rationale/,200,Design Rationale — aDNA,"This document explains why aDNA is designed the way it is — the companion to the aDNA Universal Standard, which defines what to do.",") comes BEFORE the sidebars in DOM so a screen reader / agent reads breadcrumb → h1 → content before the ~100 nav links. The visual column order (sidebar | content | toc) is restored via grid-template-areas below, so there is no visual change. The skip-link (#main-content) now lands on the content, not the sidebar. --> ← Back to reference WHAT › Reference › Design Rationale Design Rationale",5438,doc-article,reference,"Thu, 13 Aug 2026 08:38:30 GMT",2,10,false,false
https://adna.network/reference/governance-model/,200,Governance Model — aDNA,"The aDNA standard is stewarded today by a Founding Architect, and is progressively decentralizing toward steward-led, public governance.",") comes BEFORE the sidebars in DOM so a screen reader / agent reads breadcrumb → h1 → content before the ~100 nav links. The visual column order (sidebar | content | toc) is restored via grid-template-areas below, so there is no visual change. The skip-link (#main-content) now lands on the content, not the sidebar. --> ← Back to reference WHAT › Reference › Governance Model Governance Model",982,doc-article,reference,"Tue, 11 Aug 2026 21:51:50 GMT",1,14,false,false
https://adna.network/reference/migration-guide/,200,Migration Guide — aDNA,This guide is for developers who already have a project and want to add aDNA to it. If you,") comes BEFORE the sidebars in DOM so a screen reader / agent reads breadcrumb → h1 → content before the ~100 nav links. The visual column order (sidebar | content | toc) is restored via grid-template-areas below, so there is no visual change. The skip-link (#main-content) now lands on the content, not the sidebar. --> ← Back to reference WHAT › Reference › Migration Guide Migration Guide",2729,doc-article,reference,"Thu, 13 Aug 2026 04:39:28 GMT",2,10,false,false
https://adna.network/reference/quality-rubric/,200,Quality Rubric — aDNA,Systematic quality evaluation framework for context library objects. Provides a 6-axis quantitative rubric that gates all context files — any file scori...,") comes BEFORE the sidebars in DOM so a screen reader / agent reads breadcrumb → h1 → content before the ~100 nav links. The visual column order (sidebar | content | toc) is restored via grid-template-areas below, so there is no visual change. The skip-link (#main-content) now lands on the content, not the sidebar. --> ← Back to reference WHAT › Reference › Quality Rubric Quality Rubric",2900,doc-article,reference,"Sun, 16 Aug 2026 16:59:54 GMT",2,10,false,false
https://adna.network/reference/reading-guide/,200,Reading Guide — aDNA,"The aDNA Universal Standard is ~1,500 lines. You don",") comes BEFORE the sidebars in DOM so a screen reader / agent reads breadcrumb → h1 → content before the ~100 nav links. The visual column order (sidebar | content | toc) is restored via grid-template-areas below, so there is no visual change. The skip-link (#main-content) now lands on the content, not the sidebar. --> ← Back to reference WHAT › Reference › Reading Guide Reading Guide",1451,doc-article,reference,"Fri, 14 Aug 2026 03:19:08 GMT",2,10,false,false
https://adna.network/reference/specification/,200,aDNA Specification,Agentic DNA (aDNA) — A knowledge architecture standard for AI-native projects.,") comes BEFORE the sidebars in DOM so a screen reader / agent reads breadcrumb → h1 → content before the ~100 nav links. The visual column order (sidebar | content | toc) is restored via grid-template-areas below, so there is no visual change. The skip-link (#main-content) now lands on the content, not the sidebar. --> ← Back to reference WHAT › Reference › aDNA Specification aDNA Specification",9083,doc-article,reference,"Tue, 11 Aug 2026 18:05:22 GMT",1,201,false,false
https://adna.network/reference/tool-setup/,200,Tool Setup — aDNA,"Every aDNA setup needs three things: Git, a text editor that reads Markdown and YAML, and Python 3.8+ for the validation tooling.",") comes BEFORE the sidebars in DOM so a screen reader / agent reads breadcrumb → h1 → content before the ~100 nav links. The visual column order (sidebar | content | toc) is restored via grid-template-areas below, so there is no visual change. The skip-link (#main-content) now lands on the content, not the sidebar. --> ← Back to reference WHAT › Reference › Tool Setup Tool Setup",801,doc-article,reference,"Thu, 13 Aug 2026 22:19:09 GMT",2,10,false,false
https://adna.network/reference/visual-identity-v2/,200,Visual Identity v3 — aDNA,"Canonical visual identity for aDNA.network — the Science-Stanley Ghibli-pixel / Tokyo Night register: color, type, spacing, imagery, icons, diagrams.",") comes BEFORE the sidebars in DOM so a screen reader / agent reads breadcrumb → h1 → content before the ~100 nav links. The visual column order (sidebar | content | toc) is restored via grid-template-areas below, so there is no visual change. The skip-link (#main-content) now lands on the content, not the sidebar. --> ← Back to reference WHAT › Reference › Visual Identity v3 Visual Identity v3",2593,doc-article,reference,"Fri, 14 Aug 2026 18:01:28 GMT",2,10,false,false
https://adna.network/reference/writing-guidelines/,200,Writing Guidelines — aDNA,"Canonical clarity and conciseness guidelines for aDNA prose surfaces — checklist, voice precedents, conciseness contract, and validation gate.",") comes BEFORE the sidebars in DOM so a screen reader / agent reads breadcrumb → h1 → content before the ~100 nav links. The visual column order (sidebar | content | toc) is restored via grid-template-areas below, so there is no visual change. The skip-link (#main-content) now lands on the content, not the sidebar. --> ← Back to reference WHAT › Reference › Writing Guidelines Writing Guidelines",1770,doc-article,reference,"Thu, 13 Aug 2026 15:11:51 GMT",2,10,false,false
https://adna.network/researchers/,200,aDNA for Researchers,"How research labs and science teams use aDNA to maintain knowledge provenance, reproducibility, and multi-agent context fidelity across long-running projects.",") comes BEFORE the sidebars in DOM so a screen reader / agent reads breadcrumb → h1 → content before the ~100 nav links. The visual column order (sidebar | content | toc) is restored via grid-template-areas below, so there is no visual change. The skip-link (#main-content) now lands on the content, not the sidebar. --> WHO › For you › aDNA for Researchers aDNA for Researchers",674,persona,marketing,"Sun, 16 Aug 2026 17:00:50 GMT",1,119,false,false
https://adna.network/security/,200,Security & Disclosure — aDNA,"How to report a security vulnerability in the aDNA standard, templates, or site tooling — and what to expect from coordinated disclosure.",Security & Disclosure,391,legal,governance,"Thu, 13 Aug 2026 11:54:40 GMT",1,201,false,false
https://adna.network/startup-first-hour/,200,aDNA Startup First Hour,"A 60-minute timeboxed quickstart for startup CTOs: clone, point an agent at CLAUDE.md, seed STATE.md, and file the first ADR. Your AI agent is project-aware by the end of the hour.",") comes BEFORE the sidebars in DOM so a screen reader / agent reads breadcrumb → h1 → content before the ~100 nav links. The visual column order (sidebar | content | toc) is restored via grid-template-areas below, so there is no visual change. The skip-link (#main-content) now lands on the content, not the sidebar. --> WHO › For you › aDNA Startup First Hour aDNA Startup First Hour",908,doc-article,how-to,"Tue, 11 Aug 2026 11:53:42 GMT",1,7,false,false
https://adna.network/use-cases/,200,Use Cases — aDNA,"Illustrative aDNA adoption scenarios across solo developers, startups, research labs, and enterprises.",") comes BEFORE the sidebars in DOM so a screen reader / agent reads breadcrumb → h1 → content before the ~100 nav links. The visual column order (sidebar | content | toc) is restored via grid-template-areas below, so there is no visual change. The skip-link (#main-content) now lands on the content, not the sidebar. --> Use Cases",339,hub,marketing,"Tue, 11 Aug 2026 05:46:24 GMT",1,201,false,false
https://adna.network/use-cases/educator/,200,Educator — aDNA,"Sarah teaches a graduate course on AI-augmented knowledge work at a research university. Her students come from diverse backgrounds — computer science, ...",") comes BEFORE the sidebars in DOM so a screen reader / agent reads breadcrumb → h1 → content before the ~100 nav links. The visual column order (sidebar | content | toc) is restored via grid-template-areas below, so there is no visual change. The skip-link (#main-content) now lands on the content, not the sidebar. --> ← Back to use cases WHAT › Use Cases › Educator Educator",579,persona,marketing,"Tue, 11 Aug 2026 11:16:33 GMT",2,9,false,false
https://adna.network/use-cases/enterprise-team/,200,Enterprise Team — aDNA,Jordan manages a 50-person platform engineering organization at a financial services company. Three teams run concurrent AI-agent-assisted projects. Com...,") comes BEFORE the sidebars in DOM so a screen reader / agent reads breadcrumb → h1 → content before the ~100 nav links. The visual column order (sidebar | content | toc) is restored via grid-template-areas below, so there is no visual change. The skip-link (#main-content) now lands on the content, not the sidebar. --> ← Back to use cases WHAT › Use Cases › Enterprise Team Enterprise Team",558,persona,marketing,"Thu, 13 Aug 2026 01:51:16 GMT",2,9,false,false
https://adna.network/use-cases/open-source-project/,200,Open Source Project — aDNA,"Kai maintains a popular open-source data processing library with 200+ contributors, 50 open issues, and a codebase that",") comes BEFORE the sidebars in DOM so a screen reader / agent reads breadcrumb → h1 → content before the ~100 nav links. The visual column order (sidebar | content | toc) is restored via grid-template-areas below, so there is no visual change. The skip-link (#main-content) now lands on the content, not the sidebar. --> ← Back to use cases WHAT › Use Cases › Open Source Project Open Source Project",611,persona,marketing,"Tue, 11 Aug 2026 14:14:26 GMT",2,6,false,false
https://adna.network/use-cases/research-lab/,200,Research Lab — aDNA,"Maya is a principal investigator running a computational biology lab with 8 researchers, 3 AI agents, and a growing mountain of experimental data. She p...",") comes BEFORE the sidebars in DOM so a screen reader / agent reads breadcrumb → h1 → content before the ~100 nav links. The visual column order (sidebar | content | toc) is restored via grid-template-areas below, so there is no visual change. The skip-link (#main-content) now lands on the content, not the sidebar. --> ← Back to use cases WHAT › Use Cases › Research Lab Research Lab",595,persona,marketing,"Thu, 13 Aug 2026 07:54:18 GMT",2,8,false,false
https://adna.network/use-cases/solo-developer/,200,Solo Developer — aDNA,"Sam is a freelance developer working solo on 3-4 client projects simultaneously. They use AI agents heavily — for code generation, documentation, archit...",") comes BEFORE the sidebars in DOM so a screen reader / agent reads breadcrumb → h1 → content before the ~100 nav links. The visual column order (sidebar | content | toc) is restored via grid-template-areas below, so there is no visual change. The skip-link (#main-content) now lands on the content, not the sidebar. --> ← Back to use cases WHAT › Use Cases › Solo Developer Solo Developer",646,persona,marketing,"Sun, 16 Aug 2026 17:05:25 GMT",2,118,false,false
https://adna.network/use-cases/startup/,200,Startup — aDNA,"Alex is CTO of a 12-person AI startup building a developer tool. The team ships weekly, context switches constantly between features, and relies heavily...",") comes BEFORE the sidebars in DOM so a screen reader / agent reads breadcrumb → h1 → content before the ~100 nav links. The visual column order (sidebar | content | toc) is restored via grid-template-areas below, so there is no visual change. The skip-link (#main-content) now lands on the content, not the sidebar. --> ← Back to use cases WHAT › Use Cases › Startup Startup",586,persona,marketing,"Thu, 13 Aug 2026 03:03:20 GMT",2,8,false,false
https://adna.network/vaults/,200,Vaults — the aDNA registry,"Browse the 74-vault aDNA registry — personae, classes, cross-vault relationships",The vault registry,1865,registry-index,registry,"Wed, 12 Aug 2026 03:09:12 GMT",1,201,false,false
https://adna.network/vaults/aDNA.aDNA/,200,aDNA — Rosetta,Self-referential aDNA documentation — teaches the standard by using the standard (Operation Rosetta).,aDNA,175,vault-detail,registry,"Tue, 11 Aug 2026 05:08:04 GMT",1,4,false,true
https://adna.network/vaults/adnalabs/,200,aDNA Labs — berthier,Unified successor to LatticeLabs.aDNA + lattice-labs; aDNA-network migration HQ.,aDNA Labs,155,vault-detail,registry,"Thu, 13 Aug 2026 23:48:07 GMT",2,2,false,false
https://adna.network/vaults/ailp-dataroom/,200,aiLP Dataroom — harpocrates_provisional — aDNA,"Dataroom INSTANCE generated by Datarooms.aDNA (its live dogfood target, Operation Vitrine) — a generated instance, not a first-class graph (classed platform for lack of a finer recognized class.",aiLP Dataroom,174,vault-detail,registry,"Thu, 13 Aug 2026 02:24:02 GMT",2,2,false,false
https://adna.network/vaults/apscheduler/,200,APScheduler — chronos — aDNA,In-process trigger/scheduling library element (cron/interval/date fired inside a host process); no independent install/health — runtime verbs delegate to host=operations-bridge (.,APScheduler,165,vault-detail,registry,"Sun, 16 Aug 2026 17:00:38 GMT",2,2,false,false
https://adna.network/vaults/Astro.aDNA/,200,Astro — — — aDNA,Astro 6 composable website builder; Production v1.0. Renamed from SiteForge.aDNA.,Astro,178,vault-detail,registry,"Tue, 11 Aug 2026 11:58:11 GMT",1,6,false,true
https://adna.network/vaults/awsbootstrap/,200,AWSBootstrap — hestia — aDNA,Portable AWS->aDNA node bootstrap,AWSBootstrap,173,vault-detail,registry,"Thu, 13 Aug 2026 23:19:14 GMT",2,2,false,false
https://adna.network/vaults/bitwarden/,200,Bitwarden — cerberus — aDNA,Keystone cohort — secret-access engine (Bitwarden/Vaultwarden); federates the Home.aDNA.,Bitwarden,154,vault-detail,registry,"Sat, 15 Aug 2026 00:59:27 GMT",2,2,false,false
https://adna.network/vaults/caddy/,200,Caddy — portunus — aDNA,Keystone cohort — reverse-proxy + TLS-termination + ingress (fleet-default). Data-bearing (fronts data). Lighthouse profile: core.,Caddy,160,vault-detail,registry,"Sun, 16 Aug 2026 17:00:39 GMT",2,2,false,false
https://adna.network/vaults/CakeHealth.aDNA/,200,CakeHealth — Berthier — aDNA,Operation CAKE clinical health data context graph. Local-only repo (GitHub promotion at Stanley,CakeHealth,165,vault-detail,registry,"Thu, 13 Aug 2026 09:47:07 GMT",2,2,false,true
https://adna.network/vaults/cakeprotocol/,200,Cake Protocol — chiron — aDNA,Bakes CakeHealth.aDNA,Cake Protocol,188,vault-detail,registry,"Thu, 13 Aug 2026 18:18:26 GMT",2,2,false,false
https://adna.network/vaults/canvas/,200,Canvas — mondrian — aDNA,Standard-bearer Platform.aDNA owning the aDNA Canvas Standard (agentic-context-native fork of Obsidian Advanced Canvas / JSON Canvas) + its reference tooling (validators/converters/conformance at what/code/canvas_std/). Canvas-as-output-primitive; absorbs CanvasForge production (deck/comic/diagram) at PT pt09.,Canvas,176,vault-detail,registry,"Fri, 14 Aug 2026 02:50:02 GMT",1,3,false,false
https://adna.network/vaults/ComfyUI.aDNA/,200,ComfyUI — forge — aDNA,ComfyUI visual generation forge.,ComfyUI,152,vault-detail,registry,"Sun, 16 Aug 2026 17:00:36 GMT",2,2,false,true
https://adna.network/vaults/container/,200,Container — pandora — aDNA,Keystone cohort — OCI container runtime (rootless Podman fleet-default; Docker-compat). Control-plane. Lighthouse profiles: core + inference.,Container,161,vault-detail,registry,"Thu, 13 Aug 2026 05:14:47 GMT",2,2,false,false
https://adna.network/vaults/context/,200,Context — prometheus — aDNA,Integrated observe->optimize context-intelligence platform (context/token telemetry + optimization + dashboard/API); code-as-WHAT engine at what/contextscope/ (RELOCATED from root sibling ~/aDNA/contextscope at PT pt12.,Context,167,vault-detail,registry,"Thu, 13 Aug 2026 09:14:58 GMT",2,2,false,false
https://adna.network/vaults/ContextCommons.aDNA/,200,ContextCommons — org_vault — aDNA,"Context Commons — community-driven agentic literacy, enablement &#38; support program.",ContextCommons,158,vault-detail,registry,"Sun, 16 Aug 2026 17:00:59 GMT",2,3,false,true
https://adna.network/vaults/d3/,200,D3 — playfair — aDNA,Build-face software-element context graph. Web-stack cohort (.,D3,152,vault-detail,registry,"Thu, 13 Aug 2026 19:33:10 GMT",2,2,false,false
https://adna.network/vaults/dashboards/,200,Dashboards — metis — aDNA,"Agentic, graph-backed, conversational BI/dashboards surface over an org context graph (Visualize/Converse/Learn/Monitor/Operate); composes Neo4j + Organization substrate, built through WebForge. Operation Aegis (.",Dashboards,167,vault-detail,registry,"Fri, 14 Aug 2026 05:10:44 GMT",2,2,false,false
https://adna.network/vaults/datarooms/,200,Datarooms — harpocrates — aDNA,"Modular agentic-dataroom generator (purpose modules × audience lenses × trust/RBAC profiles over context graphs; code-as-WHAT what/datarooms_core/, product Datarooms v0.1). Platform.aDNA (class provisional, ratified R0.",Datarooms,169,vault-detail,registry,"Sun, 16 Aug 2026 17:00:42 GMT",2,2,false,false
https://adna.network/vaults/datasets/,200,Datasets — tbd_at_p0 — aDNA,Working-dataset management graph; governs the results/ mount (PT.,Datasets,153,vault-detail,registry,"Thu, 13 Aug 2026 07:40:20 GMT",2,2,false,false
https://adna.network/vaults/emacs/,200,Emacs — archimedes — aDNA,The aDNA-native Emacs distribution built on Doom Emacs (:adna module category as a DOOMDIR-as-repo under a dedicated adna profile; code-as-WHAT what/emacs/). Successor-in-intent to Spacemacs.aDNA — supersession deliberate + dated (.,Emacs,175,vault-detail,registry,"Thu, 13 Aug 2026 18:17:34 GMT",2,2,false,false
https://adna.network/vaults/exchange/,200,Exchange — triad: mnemosyne (registry) / hermes (transport) / themis (settlement); Berthier coord — aDNA,The aDNA Exchange — federated distribution substrate through which nodes discover/publish/version/exchange context graphs + agentic topologies under configurable smart-contract-mediable sharing conditions (Operation Agora).,Exchange,178,vault-detail,registry,"Thu, 13 Aug 2026 12:43:25 GMT",2,2,false,false
https://adna.network/vaults/fastapi/,200,FastAPI — atalanta — aDNA,Keystone cohort — Python API-service surface (ASGI). Control-plane (framework-vs-platform call at its own P0). Lighthouse profile: ops.,FastAPI,162,vault-detail,registry,"Fri, 14 Aug 2026 09:59:38 GMT",2,2,false,false
https://adna.network/vaults/fluxer/,200,Fluxer — aspasia — aDNA,Agentic command of the Fluxer platform (OSS AGPLv3 Discord-mold messaging/VoIP; install/operate/configure/update/interoperate) + the Agora Loop harvest doctrine (consent+provenance). DATA-BEARING (§8 — data-plane placement co-designed w/ Venus at its.,Fluxer,173,vault-detail,registry,"Thu, 13 Aug 2026 22:42:31 GMT",2,2,false,false
https://adna.network/vaults/forgejo/,200,Forgejo — ilmarinen — aDNA,Keystone cohort — self-hosted git forge (software install/config/backup/upgrade only; seam: Git.aDNA/Hopper keeps the provider contract). Data-bearing (.,Forgejo,162,vault-detail,registry,"Thu, 13 Aug 2026 08:58:26 GMT",2,2,false,false
https://adna.network/vaults/git/,200,Git — grace_hopper — aDNA,The aDNA network,Git,183,vault-detail,registry,"Fri, 14 Aug 2026 07:12:58 GMT",2,2,false,false
https://adna.network/vaults/gotfn/,200,GOTFN — snorri — aDNA,"Agentic DM / world-engine / story-forge / interactive-canvas table for Gods of the Forbidden North (Pulp Hummock Press · OSE: Advanced Fantasy; 3 vols ~1,620pp). Platform.aDNA (non-SDG), persona Snorri (ratified ⛩ G0.",GOTFN,177,vault-detail,registry,"Thu, 13 Aug 2026 12:56:11 GMT",2,2,false,false
https://adna.network/vaults/graph/,200,The aDNA network — relationship graph,"The federation topology of the aDNA network: every edge is a real, directed relationship drawn from vault governance — umbrella, federation, partner, companion, supersedes.","The network, drawn",508,graph,registry,"Tue, 11 Aug 2026 14:14:26 GMT",1,77,false,false
https://adna.network/vaults/groupware/,200,Groupware — pheme — aDNA,Keystone cohort — unified messaging: mail/calendar/contacts (Stalwart JMAP). Data-bearing (.,Groupware,155,vault-detail,registry,"Thu, 13 Aug 2026 17:55:14 GMT",2,2,false,false
https://adna.network/vaults/Harness.aDNA/,200,RareHarness — Panacea — aDNA,"Generic, agentically-configurable aDNA harness (pkg rareharness; governance-intent harness_adna). RareHarness = flagship Wilhelm clinical vertical. Code-as-WHAT at what/harness/ (rareharnessneo relocated PT pt13.",RareHarness,186,vault-detail,registry,"Wed, 12 Aug 2026 11:17:37 GMT",1,5,false,true
https://adna.network/vaults/Home.aDNA/,200,Home — Hestia — aDNA,This vault — per-node operational governance for Mac/stanley; the operator,Home,165,vault-detail,registry,"Tue, 11 Aug 2026 09:02:01 GMT",1,3,false,true
https://adna.network/vaults/III.aDNA/,200,III — Argus — aDNA,Inspect/Introspect/Improve quality framework.,III,171,vault-detail,registry,"Wed, 12 Aug 2026 03:39:03 GMT",1,6,false,true
https://adna.network/vaults/inference/,200,Inference — pythia — aDNA,"Keystone cohort — local LLM inference serving (one graph, selectable backends: llama.cpp/MLX/vLLM/Ollama). Control-plane. Lighthouse profile: inference.",Inference,161,vault-detail,registry,"Sat, 15 Aug 2026 06:19:44 GMT",2,2,false,false
https://adna.network/vaults/jupyter/,200,Jupyter — galileo — aDNA,Agentic Jupyter on any machine (L1/L2/L3 + Hub; per-user IAM; extensions); code-as-WHAT at what/lab/ (the latlab repo). Persona Galileo (ratified.,Jupyter,165,vault-detail,registry,"Thu, 13 Aug 2026 03:21:09 GMT",2,2,false,false
https://adna.network/vaults/latticeprotocol/,200,LatticeProtocol — tbd_at_p0 — aDNA,The .aDNA context graph (code-as-WHAT-object) wrapping the lattice-protocol core library (canvas/federation/aDNA SDK/marketplace/ledger). Stood up under aDNALabs.aDNA,LatticeProtocol,180,vault-detail,registry,"Fri, 14 Aug 2026 03:11:25 GMT",2,2,false,false
https://adna.network/vaults/LAVentureGraph.aDNA/,200,LA Venture Graph — Cartographer — aDNA,LA venture ecosystem knowledge graph (UCLA Anderson + Nerdstage/Demo Day LA). Renamed from la_startup.aDNA.,LA Venture Graph,166,vault-detail,registry,"Thu, 13 Aug 2026 01:49:48 GMT",1,3,false,true
https://adna.network/vaults/lighthouse/,200,Lighthouse — tbd_at_p0 — aDNA,Deployable integrated-lighthouse node — self-hosted Forgejo as a subnet,Lighthouse,181,vault-detail,registry,"Sun, 16 Aug 2026 17:00:59 GMT",2,2,false,false
https://adna.network/vaults/llamacppforge/,200,LlamaCppForge — hephaestus — aDNA,Forge.aDNA software-element context graph for building/optimizing/generating with llama.cpp (build-with face; the root llama.cpp external dep is the upstream).,LlamaCppForge,163,vault-detail,registry,"Fri, 14 Aug 2026 12:48:41 GMT",2,2,false,false
https://adna.network/vaults/magnapetra/,200,MagnaPetra — tbd_at_p0 — aDNA,Promoted from the lunarpro-build-kit (Magna-Petra Lunar Pro; He-3 extraction mission planning).,MagnaPetra,156,vault-detail,registry,"Thu, 13 Aug 2026 09:46:12 GMT",2,2,false,false
https://adna.network/vaults/Molecules.aDNA/,200,Molecules — Franklin — aDNA,Modular open-source molecular-search forge (Rosalind Franklin persona; FAIR+provenance).,Molecules,173,vault-detail,registry,"Tue, 11 Aug 2026 09:55:12 GMT",1,5,false,true
https://adna.network/vaults/nebula/,200,Nebula — heimdall — aDNA,Keystone cohort — node-side mesh-overlay daemon install/config/operate (Tailscale folds in.,Nebula,155,vault-detail,registry,"Thu, 13 Aug 2026 02:56:36 GMT",2,2,false,false
https://adna.network/vaults/neo4j/,200,Neo4j — arachne — aDNA,Property-graph substrate — modeling/query/ingestion/GDS/agent read-boundary (N4-*); a read-optimized projection of a source context graph. Operation Aegis (.,Neo4j,162,vault-detail,registry,"Fri, 14 Aug 2026 18:36:53 GMT",2,2,false,false
https://adna.network/vaults/Network.aDNA/,200,Alpha Lattice — Venus — aDNA,Master/Einstein-node state/membership/operations graph of the Alpha Lattice. LIP-0006 provisional.,Alpha Lattice,160,vault-detail,registry,"Fri, 14 Aug 2026 04:49:54 GMT",2,2,false,true
https://adna.network/vaults/nextcloud/,200,Nextcloud — atlas — aDNA,Keystone cohort — self-hosted file-sync + collaboration. Data-bearing (.,Nextcloud,154,vault-detail,registry,"Thu, 13 Aug 2026 13:04:14 GMT",2,2,false,false
https://adna.network/vaults/Obsidian.aDNA/,200,Obsidian — TBD — aDNA,"Default aDNA-native way to install/configure/operate/update Obsidian across a node (analog to Terminal.aDNA [ex-Cmux] for the terminal). Platform.aDNA (single-repo, code-as-WHAT at what/obsidian/); category + persona (Seshat) ratified at.",Obsidian,177,vault-detail,registry,"Thu, 13 Aug 2026 08:19:02 GMT",2,2,false,true
https://adna.network/vaults/Operations.aDNA/,200,Operations — Berthier — aDNA,Renamed from TaskForge.aDNA (Production Tidy pt08.,Operations,156,vault-detail,registry,"Thu, 13 Aug 2026 11:11:16 GMT",1,3,false,true
https://adna.network/vaults/Oration.aDNA/,200,Oration — Robert Kennedy — aDNA,Greene-methodology speech-package pipeline (8-stage; 3 human gates). v0.2.0 post-C7 extraction. Phase-1+ awaits operator gate. Renamed SpeechForge.aDNA → Oration.aDNA.,Oration,182,vault-detail,registry,"Tue, 11 Aug 2026 15:21:20 GMT",1,4,false,true
https://adna.network/vaults/organization/,200,Organization — mintzberg — aDNA,Org-context-graph methodology (ORG-* ontology/entity-resolution/governance + the insight quartet); the source substrate BI projects into Neo4j; the standard Org-Graph vaults conform to. Operation Aegis BI cohort (.,Organization,171,vault-detail,registry,"Sat, 15 Aug 2026 10:21:30 GMT",2,2,false,false
https://adna.network/vaults/percysleep/,200,Percy Sleep — hypnos — aDNA,Outside-In model of Percy Sleep Inc (contactless 60GHz behavioral sleep-monitoring device + AI platform + clinician dashboard).,Percy Sleep,163,vault-detail,registry,"Fri, 14 Aug 2026 04:17:05 GMT",2,2,false,false
https://adna.network/vaults/prefect/,200,Prefect — kairos — aDNA,Software/deployment-graph — install/operate/configure/update/interoperate as a node control-plane member; composed by Operations.aDNA via.,Prefect,157,vault-detail,registry,"Sun, 16 Aug 2026 17:00:39 GMT",2,2,false,false
https://adna.network/vaults/rareanthropic/,200,RareAnthropic — hygeia — aDNA,"Org-Graph.aDNA (LIP-0005) — outside-in map of the Anthropic ecosystem (products/retention/HIPAA-BAA/Skills) for the rare-disease working group. One 89-node provenance-disciplined graph, two surfaces: Hygeia query SKILL.md + static curriculum (WebForge documentation archetype.",RareAnthropic,175,vault-detail,registry,"Fri, 14 Aug 2026 15:05:47 GMT",2,2,false,false
https://adna.network/vaults/RareArchive.aDNA/,200,RareArchive — Mnemosyne — aDNA,Rare Archive OSS rare-disease AI project.,RareArchive,168,vault-detail,registry,"Tue, 11 Aug 2026 03:52:47 GMT",1,5,false,true
https://adna.network/vaults/react/,200,React — heraclitus — aDNA,Build-face software-element context graph. Web-stack cohort (.,React,152,vault-detail,registry,"Fri, 14 Aug 2026 03:15:38 GMT",2,2,false,false
https://adna.network/vaults/realityscan/,200,RealityScan — muybridge — aDNA,"Agentic command of RealityScan (Epic professional photogrammetry, ex-RealityCapture; closed-source; Win+Linux CLI; CUDA/HIP; install/operate/configure/update/interoperate) + the reconstruction operate-loop. DATA-BEARING (§8 — data-plane placement co-designed w/ Venus; heads-up memo landed at.",RealityScan,174,vault-detail,registry,"Thu, 13 Aug 2026 02:34:24 GMT",2,2,false,false
https://adna.network/vaults/regenesis/,200,Regenesis — persephone — aDNA,Genome-seeded Forge.aDNA graph (class ratified.,Regenesis,150,vault-detail,registry,"Thu, 13 Aug 2026 07:18:59 GMT",2,2,false,false
https://adna.network/vaults/RemoteControl.aDNA/,200,RemoteControl — Talos — aDNA,Agentic mouse/kbd/screen-vision control runtime + safety framework (Talos).,RemoteControl,170,vault-detail,registry,"Wed, 12 Aug 2026 03:29:32 GMT",1,4,false,true
https://adna.network/vaults/sciencestanley/,200,Science Stanley — org_vault — aDNA,Science Stanley brand vault — single source of truth for all SS content generation. Inventory name casing corrected science_stanley -> ScienceStanley.,Science Stanley,184,vault-detail,registry,"Wed, 12 Aug 2026 09:51:14 GMT",1,6,false,false
https://adna.network/vaults/Spacemacs.aDNA/,200,Spacemacs — Daedalus — aDNA,Context-native Spacemacs agentic IDE governance vault. v1.0.0.,Spacemacs,157,vault-detail,registry,"Sun, 16 Aug 2026 17:01:00 GMT",2,2,false,true
https://adna.network/vaults/store/,200,Store — plutus — aDNA,Keystone cohort — S3-compatible object storage (MinIO/AIStor; Lattice Storage Federation). Data-bearing (.,Store,157,vault-detail,registry,"Thu, 13 Aug 2026 23:04:50 GMT",2,2,false,false
https://adna.network/vaults/SuperLeague.aDNA/,200,SuperLeague — org_graph — aDNA,Agentic-enablement work for SuperLeague company. Partner-cloned by Carly + Herb; Stanley not yet locally cloned.,SuperLeague,163,vault-detail,registry,"Sun, 16 Aug 2026 17:00:59 GMT",2,2,false,true
https://adna.network/vaults/tailwind/,200,Tailwind — josef_albers — aDNA,Build-face software-element context graph for Tailwind CSS v4. Web-stack cohort (.,Tailwind,156,vault-detail,registry,"Thu, 13 Aug 2026 13:24:51 GMT",2,2,false,false
https://adna.network/vaults/TappProtocol.aDNA/,200,TappProtocol — Mentor — aDNA,Agent-to-agent strategic-advisor handoff broker with DLT-memorialized advisory ledger (Mentor).,TappProtocol,174,vault-detail,registry,"Tue, 11 Aug 2026 12:05:24 GMT",1,5,false,true
https://adna.network/vaults/terminal/,200,Terminal — berthier — aDNA,"Chief-of-staff terminal for a Lattice node; soft-fork-with-upstream of manaflow-ai/cmux (GPL-3.0-or-later; single-repo, code-as-WHAT at what/cmux/).",Terminal,171,vault-detail,registry,"Tue, 11 Aug 2026 13:29:26 GMT",1,4,false,false
https://adna.network/vaults/threejs/,200,Three.js — brunelleschi — aDNA,Three.js 3D/WebGL build-material context graph. Web-stack cohort (.,Three.js,153,vault-detail,registry,"Thu, 13 Aug 2026 02:28:27 GMT",2,2,false,false
https://adna.network/vaults/typescript/,200,TypeScript — milner — aDNA,Agent-facing context substrate for authoring/operating TypeScript (web/UI emphasized); consumed via a typescript/ wrapper + federation_ref. Persona Milner.,TypeScript,162,vault-detail,registry,"Fri, 14 Aug 2026 22:06:52 GMT",2,2,false,false
https://adna.network/vaults/VAAS.aDNA/,200,VAAS — framework_candidate — aDNA,"Verification-as-a-service — multi-layer hallucination reduction, cross-lattice verification federation. Renamed VAASLattice.aDNA → VAAS.aDNA.",VAAS,172,vault-detail,registry,"Sat, 08 Aug 2026 18:16:25 GMT",1,4,false,true
https://adna.network/vaults/vercel/,200,Vercel — mercury — aDNA,Software/deployment-graph. Web-stack cohort (.,Vercel,149,vault-detail,registry,"Fri, 14 Aug 2026 17:31:26 GMT",2,2,false,false
https://adna.network/vaults/Videos.aDNA/,200,Videos — Iris — aDNA,Multi-platform video production forge.,Videos,157,vault-detail,registry,"Thu, 13 Aug 2026 18:37:09 GMT",2,2,false,true
https://adna.network/vaults/visualdna/,200,VisualDNA — pygmalion — aDNA,Framework standardizing the visual-DNA-per-entity pattern (canonical-look bundles: prompt + reference images + palette + composition templates + invariants + LoRA refs).,VisualDNA,183,vault-detail,registry,"Tue, 11 Aug 2026 20:39:01 GMT",1,5,false,false
https://adna.network/vaults/warp/,200,Warp — escoffier — aDNA,"Agentic Warp-terminal home base for the aDNA network; config-overlay + MCP (not a fork — Warp client is OSS MIT/AGPL, agent/Drive/cloud proprietary); sibling-peer of Terminal.aDNA.",Warp,170,vault-detail,registry,"Fri, 14 Aug 2026 03:43:08 GMT",2,2,false,false
https://adna.network/vaults/webforge/,200,WebForge — vitruvius — aDNA,"Build-scale role-graph / provider-forge composer (not a framework) — owns the role-shared assets no single framework brick homes (website archetypes, build lattices, quality gates); build-scale twin of Lighthouse.aDNA. Carved from Astro.aDNA.",WebForge,176,vault-detail,registry,"Fri, 14 Aug 2026 14:39:30 GMT",2,2,false,false
https://adna.network/vaults/wga.aDNA/,200,wga — org_vault — aDNA,World Genome Academy — buildpack + symphony + site.,wga,157,vault-detail,registry,"Tue, 11 Aug 2026 17:47:43 GMT",1,4,false,true
https://adna.network/vaults/WilhelmAI.aDNA/,200,WilhelmAI — Hygieia — aDNA,AI4U umbrella (Wilhelm AI Initiative for the Undiagnosed). Four PLWUD-impact initiatives.,WilhelmAI,179,vault-detail,registry,"Tue, 11 Aug 2026 07:03:25 GMT",1,7,false,true
https://adna.network/vaults/worldgenome/,200,World Genome — tbd_at_p0 — aDNA,Unified World Genome context-graph system (Academy / Archive / Protocol / Project) — LIVE.,World Genome,160,vault-detail,registry,"Sun, 16 Aug 2026 17:00:43 GMT",2,2,false,false
https://adna.network/vaults/zenzachary/,200,Zen Zachary — pygmalion — aDNA,Brand vault (Zach Sekar) within the SWS multiverse; first character bundle = Zen Zachary (techno-cyber-monk); first.,Zen Zachary,178,vault-detail,registry,"Wed, 12 Aug 2026 03:59:44 GMT",1,5,false,false
https://adna.network/vaults/zeta.aDNA/,200,zeta — workspace — aDNA,aDNA vault: zeta,zeta,153,vault-detail,registry,"Thu, 13 Aug 2026 19:56:56 GMT",2,2,false,true
